# x,y  (world frame, metres) - track centreline, ordered along the loop
-5.0994,14.4863
-5.0696,14.4863
-5.0398,14.4863
-5.0099,14.4863
-4.9801,14.4863
-4.9503,14.4863
-4.9205,14.4863
-4.8907,14.4863
-4.8608,14.4863
-4.8310,14.4863
-4.8012,14.4863
-4.7714,14.4863
-4.7416,14.4863
-4.7117,14.4863
-4.6819,14.4863
-4.6521,14.4863
-4.6223,14.4863
-4.5924,14.4863
-4.5626,14.4863
-4.5328,14.4863
-4.5030,14.4863
-4.4732,14.4863
-4.4433,14.4863
-4.4135,14.4863
-4.3837,14.4863
-4.3539,14.4863
-4.3241,14.4863
-4.2942,14.4863
-4.2644,14.4863
-4.2346,14.4863
-4.2048,14.4863
-4.1750,14.4863
-4.1451,14.4863
-4.1153,14.4863
-4.0855,14.4863
-4.0557,14.4863
-4.0258,14.4863
-3.9960,14.4863
-3.9662,14.4863
-3.9364,14.4863
-3.9066,14.4863
-3.8767,14.4863
-3.8469,14.4863
-3.8171,14.4863
-3.7873,14.4863
-3.7575,14.4863
-3.7276,14.4863
-3.6978,14.4863
-3.6680,14.4863
-3.6382,14.4863
-3.6083,14.4863
-3.5785,14.4863
-3.5487,14.4863
-3.5189,14.4863
-3.4891,14.4863
-3.4592,14.4863
-3.4294,14.4863
-3.3996,14.4863
-3.3698,14.4863
-3.3400,14.4863
-3.3101,14.4863
-3.2803,14.4863
-3.2505,14.4863
-3.2207,14.4863
-3.1909,14.4863
-3.1610,14.4863
-3.1312,14.4863
-3.1014,14.4863
-3.0716,14.4863
-3.0417,14.4863
-3.0119,14.4863
-2.9821,14.4863
-2.9523,14.4863
-2.9225,14.4863
-2.8926,14.4863
-2.8628,14.4863
-2.8330,14.4863
-2.8032,14.4863
-2.7734,14.4863
-2.7435,14.4863
-2.7137,14.4863
-2.6839,14.4863
-2.6541,14.4863
-2.6243,14.4863
-2.5944,14.4863
-2.5646,14.4863
-2.5348,14.4863
-2.5050,14.4564
-2.4751,14.4564
-2.4453,14.4564
-2.4155,14.4564
-2.3857,14.4265
-2.3559,14.4265
-2.3260,14.4265
-2.2962,14.4265
-2.2664,14.4265
-2.2366,14.4265
-2.2068,14.4265
-2.1769,14.4265
-2.1471,14.3967
-2.1173,14.3967
-2.0875,14.3967
-2.0577,14.3967
-2.0278,14.3668
-1.9980,14.3668
-1.9682,14.3369
-1.9384,14.3369
-1.9085,14.3369
-1.8787,14.3369
-1.8489,14.3369
-1.8191,14.3369
-1.7893,14.3369
-1.7594,14.3369
-1.7296,14.3070
-1.6998,14.3070
-1.6700,14.3070
-1.6402,14.3070
-1.6103,14.3070
-1.5805,14.3070
-1.5507,14.3070
-1.5209,14.3070
-1.4911,14.3070
-1.4612,14.2772
-1.4314,14.2772
-1.4016,14.2772
-1.3718,14.2772
-1.3419,14.2473
-1.3121,14.2473
-1.2823,14.2174
-1.2525,14.2174
-1.2227,14.2174
-1.1928,14.2174
-1.1630,14.2174
-1.1332,14.2174
-1.1034,14.2174
-1.0736,14.2174
-1.0437,14.2174
-1.0139,14.2174
-0.9841,14.2174
-0.9543,14.2174
-0.9245,14.2174
-0.9245,14.1876
-0.8946,14.1876
-0.8648,14.1876
-0.8350,14.1876
-0.8052,14.1876
-0.7753,14.1876
-0.7455,14.1577
-0.7157,14.1577
-0.6859,14.1577
-0.6561,14.1278
-0.6262,14.1278
-0.5964,14.0980
-0.5666,14.0980
-0.5368,14.0681
-0.5070,14.0681
-0.4771,14.0681
-0.4473,14.0382
-0.4175,14.0382
-0.3877,14.0084
-0.3579,14.0084
-0.3280,14.0084
-0.2982,13.9785
-0.2684,13.9785
-0.2386,13.9486
-0.2087,13.9486
-0.1789,13.9486
-0.1491,13.9486
-0.1193,13.9188
-0.0895,13.9188
-0.0596,13.9188
-0.0596,13.8889
-0.0298,13.8889
0.0000,13.8889
0.0298,13.8889
0.0596,13.8590
0.0895,13.8590
0.1193,13.8292
0.1491,13.8292
0.1789,13.8292
0.1789,13.7993
0.2087,13.7993
0.2386,13.7993
0.2684,13.7993
0.2982,13.7694
0.3280,13.7694
0.3579,13.7395
0.3877,13.7395
0.4175,13.7097
0.4473,13.7097
0.4771,13.6798
0.5070,13.6798
0.5368,13.6499
0.5666,13.6499
0.5964,13.6201
0.6262,13.6201
0.6262,13.5902
0.6561,13.5902
0.6859,13.5603
0.7157,13.5603
0.7455,13.5603
0.7753,13.5305
0.8052,13.5305
0.8350,13.5305
0.8648,13.5006
0.8946,13.5006
0.9245,13.5006
0.9543,13.4707
0.9841,13.4707
1.0139,13.4409
1.0437,13.4409
1.0736,13.4409
1.1034,13.4409
1.1332,13.4409
1.1630,13.4409
1.1928,13.4409
1.2227,13.4110
1.2525,13.4110
1.2823,13.4110
1.3121,13.4110
1.3419,13.4110
1.3718,13.4110
1.4016,13.4110
1.4314,13.4110
1.4612,13.3811
1.4911,13.3811
1.5209,13.3811
1.5507,13.3811
1.5805,13.3811
1.5805,13.3513
1.6103,13.3513
1.6402,13.3513
1.6700,13.3513
1.6700,13.3214
1.6998,13.3214
1.7296,13.3214
1.7594,13.3214
1.7893,13.3214
1.8191,13.3214
1.8489,13.3214
1.8787,13.3214
1.9085,13.3214
1.9384,13.3214
1.9682,13.3214
1.9980,13.3214
2.0278,13.3214
2.0577,13.3214
2.0875,13.3214
2.1173,13.3214
2.1471,13.2915
2.1769,13.2915
2.2068,13.2915
2.2366,13.2915
2.2664,13.2915
2.2962,13.2915
2.3260,13.2915
2.3559,13.2616
2.3857,13.2616
2.4155,13.2616
2.4453,13.2616
2.4751,13.2616
2.5050,13.2616
2.5348,13.2616
2.5646,13.2616
2.5944,13.2616
2.6243,13.2616
2.6541,13.2616
2.6839,13.2616
2.7137,13.2616
2.7435,13.2616
2.7734,13.2616
2.8032,13.2616
2.8330,13.2616
2.8628,13.2616
2.8926,13.2616
2.9225,13.2616
2.9523,13.2616
2.9821,13.2616
3.0119,13.2616
3.0417,13.2616
3.0716,13.2616
3.1014,13.2616
3.1312,13.2616
3.1610,13.2616
3.1909,13.2616
3.2207,13.2616
3.2505,13.2616
3.2803,13.2616
3.3101,13.2616
3.3400,13.2616
3.3698,13.2616
3.3996,13.2616
3.4294,13.2616
3.4592,13.2616
3.4891,13.2616
3.5189,13.2616
3.5487,13.2616
3.5785,13.2616
3.6083,13.2616
3.6382,13.2616
3.6680,13.2616
3.6978,13.2616
3.7276,13.2616
3.7575,13.2616
3.7873,13.2616
3.8171,13.2616
3.8469,13.2616
3.8767,13.2616
3.9066,13.2616
3.9364,13.2616
3.9662,13.2616
3.9960,13.2616
4.0258,13.2616
4.0557,13.2616
4.0855,13.2616
4.1153,13.2616
4.1451,13.2616
4.1750,13.2616
4.2048,13.2616
4.2346,13.2616
4.2644,13.2616
4.2942,13.2616
4.3241,13.2616
4.3539,13.2616
4.3837,13.2616
4.4135,13.2616
4.4433,13.2616
4.4732,13.2616
4.5030,13.2616
4.5328,13.2616
4.5626,13.2616
4.5924,13.2616
4.6223,13.2616
4.6521,13.2616
4.6819,13.2616
4.7117,13.2616
4.7416,13.2616
4.7714,13.2616
4.8012,13.2616
4.8310,13.2616
4.8608,13.2616
4.8907,13.2616
4.9205,13.2616
4.9503,13.2616
4.9801,13.2616
5.0099,13.2616
5.0398,13.2616
5.0696,13.2616
5.0994,13.2616
5.1292,13.2616
5.1590,13.2616
5.1889,13.2616
5.2187,13.2616
5.2485,13.2616
5.2783,13.2616
5.3082,13.2616
5.3380,13.2616
5.3678,13.2616
5.3976,13.2616
5.4274,13.2616
5.4573,13.2616
5.4871,13.2616
5.5169,13.2616
5.5467,13.2616
5.5765,13.2616
5.6064,13.2616
5.6362,13.2616
5.6660,13.2616
5.6958,13.2616
5.7256,13.2616
5.7555,13.2616
5.7853,13.2616
5.8151,13.2616
5.8449,13.2616
5.8748,13.2616
5.9046,13.2616
5.9344,13.2616
5.9642,13.2616
5.9940,13.2616
6.0239,13.2616
6.0537,13.2616
6.0835,13.2616
6.1133,13.2616
6.1431,13.2616
6.1730,13.2616
6.2028,13.2616
6.2326,13.2616
6.2624,13.2616
6.2922,13.2616
6.3221,13.2616
6.3519,13.2616
6.3817,13.2616
6.4115,13.2616
6.4414,13.2616
6.4712,13.2616
6.5010,13.2616
6.5308,13.2616
6.5606,13.2616
6.5905,13.2616
6.6203,13.2616
6.6501,13.2616
6.6799,13.2616
6.7097,13.2616
6.7396,13.2616
6.7694,13.2616
6.7992,13.2616
6.8290,13.2616
6.8588,13.2616
6.8887,13.2616
6.9185,13.2616
6.9483,13.2616
6.9781,13.2616
7.0080,13.2616
7.0378,13.2616
7.0676,13.2616
7.0974,13.2616
7.1272,13.2616
7.1571,13.2616
7.1869,13.2616
7.2167,13.2616
7.2465,13.2616
7.2763,13.2616
7.3062,13.2616
7.3360,13.2616
7.3658,13.2616
7.3956,13.2616
7.4254,13.2616
7.4553,13.2616
7.4851,13.2616
7.5149,13.2616
7.5447,13.2616
7.5746,13.2616
7.6044,13.2616
7.6342,13.2616
7.6640,13.2616
7.6938,13.2616
7.7237,13.2616
7.7535,13.2616
7.7833,13.2616
7.8131,13.2616
7.8429,13.2616
7.8728,13.2616
7.9026,13.2616
7.9324,13.2616
7.9622,13.2616
7.9920,13.2616
8.0219,13.2616
8.0517,13.2616
8.0815,13.2616
8.1113,13.2616
8.1412,13.2616
8.1710,13.2616
8.2008,13.2616
8.2306,13.2616
8.2604,13.2616
8.2903,13.2616
8.3201,13.2616
8.3499,13.2616
8.3797,13.2616
8.4095,13.2616
8.4394,13.2616
8.4692,13.2616
8.4990,13.2616
8.5288,13.2616
8.5586,13.2616
8.5885,13.2616
8.6183,13.2616
8.6481,13.2616
8.6779,13.2616
8.7078,13.2616
8.7376,13.2616
8.7674,13.2616
8.7972,13.2616
8.8270,13.2616
8.8569,13.2616
8.8867,13.2616
8.9165,13.2616
8.9463,13.2616
8.9761,13.2616
9.0060,13.2616
9.0358,13.2616
9.0656,13.2616
9.0954,13.2616
9.1252,13.2616
9.1551,13.2616
9.1849,13.2616
9.2147,13.2616
9.2445,13.2616
9.2744,13.2616
9.3042,13.2616
9.3340,13.2616
9.3638,13.2616
9.3936,13.2616
9.4235,13.2616
9.4533,13.2616
9.4831,13.2616
9.5129,13.2616
9.5427,13.2616
9.5726,13.2616
9.6024,13.2616
9.6322,13.2616
9.6620,13.2616
9.6918,13.2616
9.7217,13.2616
9.7515,13.2616
9.7813,13.2616
9.8111,13.2616
9.8410,13.2616
9.8708,13.2616
9.9006,13.2616
9.9304,13.2616
9.9602,13.2616
9.9901,13.2616
10.0199,13.2616
10.0497,13.2616
10.0795,13.2616
10.1093,13.2616
10.1392,13.2616
10.1690,13.2616
10.1988,13.2616
10.2286,13.2616
10.2584,13.2616
10.2883,13.2616
10.3181,13.2616
10.3479,13.2616
10.3777,13.2318
10.4076,13.2318
10.4374,13.2318
10.4672,13.2318
10.4970,13.2019
10.5268,13.2019
10.5567,13.1720
10.5865,13.1720
10.6163,13.1720
10.6461,13.1720
10.6759,13.1720
10.7058,13.1720
10.7356,13.1720
10.7654,13.1720
10.7952,13.1720
10.8250,13.1720
10.8549,13.1720
10.8847,13.1422
10.9145,13.1422
10.9443,13.1422
10.9742,13.1422
11.0040,13.1422
11.0338,13.1422
11.0636,13.1422
11.0934,13.1123
11.1233,13.1123
11.1531,13.1123
11.1829,13.0824
11.2127,13.0824
11.2425,13.0526
11.2724,13.0526
11.3022,13.0526
11.3320,13.0526
11.3618,13.0526
11.3917,13.0526
11.4215,13.0526
11.4513,13.0526
11.4811,13.0526
11.5109,13.0526
11.5408,13.0227
11.5706,13.0227
11.6004,13.0227
11.6302,13.0227
11.6600,13.0227
11.6899,13.0227
11.7197,13.0227
11.7495,13.0227
11.7793,13.0227
11.8091,13.0227
11.8390,12.9928
11.8688,12.9928
11.8986,12.9928
11.9284,12.9928
11.9583,12.9630
11.9881,12.9630
12.0179,12.9331
12.0477,12.9331
12.0775,12.9331
12.1074,12.9331
12.1372,12.9331
12.1670,12.9032
12.1968,12.9032
12.2266,12.9032
12.2565,12.8734
12.2863,12.8734
12.3161,12.8734
12.3459,12.8435
12.3757,12.8435
12.4056,12.8435
12.4354,12.8435
12.4652,12.8435
12.4652,12.8136
12.4950,12.8136
12.5249,12.8136
12.5547,12.8136
12.5547,12.7838
12.5845,12.7838
12.6143,12.7838
12.6441,12.7539
12.6740,12.7539
12.7038,12.7240
12.7336,12.7240
12.7336,12.6941
12.7634,12.6643
12.7634,12.6344
12.7932,12.6344
12.7932,12.6045
12.8231,12.6045
12.8231,12.5747
12.8529,12.5747
12.8827,12.5448
12.8827,12.5149
12.9125,12.5149
12.9125,12.4851
12.9423,12.4851
12.9423,12.4552
12.9722,12.4552
12.9722,12.4253
13.0020,12.4253
13.0020,12.3955
13.0318,12.3955
13.0318,12.3656
13.0318,12.3357
13.0616,12.3357
13.0616,12.3059
13.0915,12.3059
13.0915,12.2760
13.0915,12.2461
13.1213,12.2461
13.1213,12.2162
13.1511,12.2162
13.1511,12.1864
13.1809,12.1565
13.2107,12.1266
13.2406,12.0968
13.2704,12.0669
13.2704,12.0370
13.3002,12.0072
13.3002,11.9773
13.3300,11.9474
13.3300,11.9176
13.3598,11.9176
13.3598,11.8877
13.3598,11.8578
13.3897,11.8578
13.3897,11.8280
13.4195,11.7981
13.4195,11.7682
13.4493,11.7384
13.4493,11.7085
13.4791,11.6786
13.4791,11.6487
13.5089,11.6189
13.5089,11.5890
13.5388,11.5591
13.5388,11.5293
13.5686,11.4994
13.5686,11.4695
13.5686,11.4397
13.5686,11.4098
13.5984,11.3799
13.5984,11.3501
13.5984,11.3202
13.5984,11.2903
13.6282,11.2903
13.6282,11.2605
13.6581,11.2306
13.6581,11.2007
13.6581,11.1708
13.6879,11.1410
13.6879,11.1111
13.6879,11.0812
13.6879,11.0514
13.7177,11.0215
13.7177,10.9916
13.7177,10.9618
13.7177,10.9319
13.7177,10.9020
13.7177,10.8722
13.7177,10.8423
13.7177,10.8124
13.7177,10.7826
13.7177,10.7527
13.7177,10.7228
13.7177,10.6930
13.7177,10.6631
13.7177,10.6332
13.7177,10.6033
13.7177,10.5735
13.7177,10.5436
13.7177,10.5137
13.7177,10.4839
13.7177,10.4540
13.7177,10.4241
13.7177,10.3943
13.7177,10.3644
13.7177,10.3345
13.7177,10.3047
13.7177,10.2748
13.7177,10.2449
13.7177,10.2151
13.7177,10.1852
13.7177,10.1553
13.7177,10.1254
13.7177,10.0956
13.7177,10.0657
13.7177,10.0358
13.7177,10.0060
13.7177,9.9761
13.7177,9.9462
13.7177,9.9164
13.7177,9.8865
13.7177,9.8566
13.7177,9.8268
13.7177,9.7969
13.7177,9.7670
13.7177,9.7372
13.7177,9.7073
13.7177,9.6774
13.7177,9.6476
13.7177,9.6177
13.7177,9.5878
13.7177,9.5579
13.7177,9.5281
13.7177,9.4982
13.7177,9.4683
13.7177,9.4385
13.7177,9.4086
13.7177,9.3787
13.7177,9.3489
13.7177,9.3190
13.7177,9.2891
13.7177,9.2593
13.7177,9.2294
13.7177,9.1995
13.7177,9.1697
13.7177,9.1398
13.7177,9.1099
13.7177,9.0800
13.7177,9.0502
13.7177,9.0203
13.7177,8.9904
13.7177,8.9606
13.7177,8.9307
13.7177,8.9008
13.7177,8.8710
13.7177,8.8411
13.7177,8.8112
13.7177,8.7814
13.7177,8.7515
13.7177,8.7216
13.7177,8.6918
13.7177,8.6619
13.7177,8.6320
13.7177,8.6022
13.7177,8.5723
13.7177,8.5424
13.7177,8.5125
13.6879,8.4827
13.6879,8.4528
13.6879,8.4229
13.6581,8.3931
13.6581,8.3632
13.6581,8.3333
13.6581,8.3035
13.6581,8.2736
13.6581,8.2437
13.6581,8.2139
13.6282,8.1840
13.6282,8.1541
13.5984,8.1541
13.5984,8.1243
13.5984,8.0944
13.5984,8.0645
13.5686,8.0346
13.5686,8.0048
13.5686,7.9749
13.5686,7.9450
13.5686,7.9152
13.5686,7.8853
13.5686,7.8554
13.5686,7.8256
13.5686,7.7957
13.5388,7.7957
13.5388,7.7658
13.5089,7.7360
13.5089,7.7061
13.4791,7.7061
13.4791,7.6762
13.4791,7.6464
13.4493,7.6165
13.4493,7.5866
13.4493,7.5568
13.4493,7.5269
13.4493,7.4970
13.4195,7.4671
13.4195,7.4373
13.3897,7.4074
13.3897,7.3775
13.3897,7.3477
13.3598,7.3477
13.3598,7.3178
13.3300,7.2879
13.3002,7.2581
13.2704,7.2581
13.2406,7.2581
13.2406,7.2282
13.2107,7.2282
13.1809,7.2282
13.1809,7.1983
13.1511,7.1983
13.1511,7.1685
13.1213,7.1386
13.0915,7.1386
13.0616,7.1087
13.0318,7.0789
13.0020,7.0490
12.9722,7.0191
12.9423,7.0191
12.9125,7.0191
12.9125,6.9892
12.8827,6.9892
12.8529,6.9892
12.8231,6.9594
12.7932,6.9594
12.7634,6.9295
12.7336,6.8996
12.7038,6.8996
12.6740,6.8996
12.6441,6.8996
12.6143,6.8996
12.5845,6.8996
12.5547,6.8996
12.5249,6.8698
12.4950,6.8698
12.4652,6.8698
12.4354,6.8698
12.4056,6.8399
12.3757,6.8399
12.3459,6.8399
12.3161,6.8399
12.2863,6.8100
12.2565,6.8100
12.2266,6.8100
12.1968,6.8100
12.1670,6.7802
12.1372,6.7802
12.1074,6.7503
12.0775,6.7503
12.0477,6.7503
12.0179,6.7503
11.9881,6.7503
11.9583,6.7503
11.9284,6.7503
11.8986,6.7503
11.8688,6.7503
11.8390,6.7503
11.8091,6.7204
11.7793,6.7204
11.7495,6.7204
11.7197,6.6906
11.6899,6.6906
11.6600,6.6906
11.6302,6.6607
11.6004,6.6607
11.5706,6.6308
11.5408,6.6308
11.5109,6.6308
11.4811,6.6308
11.4513,6.6308
11.4215,6.6308
11.3917,6.6308
11.3618,6.6308
11.3320,6.6308
11.3022,6.6308
11.2724,6.6308
11.2425,6.6308
11.2127,6.6308
11.1829,6.6010
11.1531,6.6010
11.1233,6.5711
11.0934,6.5711
11.0636,6.5711
11.0338,6.5412
11.0040,6.5412
10.9742,6.5412
10.9443,6.5114
10.9145,6.5114
10.8847,6.5114
10.8549,6.5114
10.8250,6.5114
10.7952,6.5114
10.7654,6.5114
10.7356,6.5114
10.7058,6.4815
10.6759,6.4815
10.6461,6.4815
10.6163,6.4815
10.5865,6.4815
10.5567,6.4516
10.5268,6.4516
10.4970,6.4516
10.4672,6.4217
10.4374,6.4217
10.4076,6.4217
10.3777,6.4217
10.3479,6.3919
10.3181,6.3919
10.2883,6.3620
10.2584,6.3620
10.2286,6.3620
10.1988,6.3620
10.1690,6.3620
10.1392,6.3620
10.1093,6.3620
10.0795,6.3620
10.0497,6.3620
10.0199,6.3620
9.9901,6.3620
9.9602,6.3620
9.9304,6.3620
9.9006,6.3321
9.8708,6.3321
9.8410,6.3321
9.8111,6.3321
9.7813,6.3023
9.7515,6.3023
9.7217,6.3023
9.6918,6.3023
9.6620,6.2724
9.6322,6.2724
9.6024,6.2724
9.5726,6.2724
9.5427,6.2724
9.5129,6.2425
9.4831,6.2425
9.4533,6.2425
9.4235,6.2425
9.3936,6.2425
9.3638,6.2425
9.3340,6.2425
9.3042,6.2425
9.2744,6.2425
9.2445,6.2425
9.2147,6.2425
9.1849,6.2425
9.1551,6.2425
9.1252,6.2425
9.1252,6.2127
9.0954,6.2127
9.0656,6.2127
9.0358,6.2127
9.0060,6.2127
8.9761,6.2127
8.9463,6.2127
8.9165,6.2127
8.8867,6.2127
8.8569,6.2127
8.8270,6.1828
8.7972,6.1828
8.7674,6.1828
8.7376,6.1529
8.7078,6.1529
8.6779,6.1231
8.6481,6.1231
8.6183,6.1231
8.5885,6.1231
8.5586,6.1231
8.5288,6.1231
8.4990,6.1231
8.4692,6.0932
8.4394,6.0932
8.4095,6.0932
8.3797,6.0932
8.3499,6.0633
8.3201,6.0633
8.2903,6.0633
8.2604,6.0633
8.2306,6.0633
8.2008,6.0633
8.1710,6.0633
8.1412,6.0335
8.1113,6.0335
8.0815,6.0335
8.0517,6.0335
8.0219,6.0036
7.9920,6.0036
7.9622,5.9737
7.9324,5.9737
7.9026,5.9737
7.8728,5.9737
7.8429,5.9737
7.8131,5.9737
7.7833,5.9737
7.7535,5.9737
7.7237,5.9737
7.6938,5.9737
7.6640,5.9737
7.6342,5.9737
7.6044,5.9737
7.6044,5.9438
7.5746,5.9438
7.5447,5.9438
7.5149,5.9438
7.4851,5.9140
7.4553,5.9140
7.4254,5.9140
7.3956,5.8841
7.3658,5.8841
7.3360,5.8841
7.3062,5.8542
7.2763,5.8542
7.2465,5.8542
7.2167,5.8542
7.1869,5.8542
7.1571,5.8542
7.1272,5.8542
7.0974,5.8542
7.0676,5.8244
7.0378,5.8244
7.0080,5.8244
6.9781,5.8244
6.9483,5.8244
6.9185,5.8244
6.8887,5.8244
6.8588,5.8244
6.8290,5.8244
6.7992,5.8244
6.7694,5.8244
6.7396,5.7945
6.7097,5.7945
6.7097,5.7646
6.6799,5.7646
6.6501,5.7646
6.6203,5.7646
6.5905,5.7646
6.5905,5.7348
6.5606,5.7348
6.5308,5.7049
6.5010,5.7049
6.4712,5.7049
6.4414,5.6750
6.4115,5.6452
6.3817,5.6452
6.3519,5.6153
6.3221,5.5854
6.2922,5.5854
6.2624,5.5556
6.2326,5.5556
6.2028,5.5257
6.1730,5.5257
6.1431,5.4958
6.1133,5.4958
6.0835,5.4659
6.0537,5.4659
6.0239,5.4361
5.9940,5.4361
5.9940,5.4062
5.9642,5.4062
5.9642,5.3763
5.9344,5.3763
5.9046,5.3465
5.8748,5.3465
5.8449,5.3166
5.8151,5.3166
5.8151,5.2867
5.7853,5.2867
5.7853,5.2569
5.7555,5.2569
5.7555,5.2270
5.7256,5.1971
5.7256,5.1673
5.7256,5.1374
5.6958,5.1374
5.6958,5.1075
5.6958,5.0777
5.6660,5.0478
5.6362,5.0179
5.6362,4.9881
5.6064,4.9881
5.6064,4.9582
5.5765,4.9582
5.5765,4.9283
5.5467,4.8984
5.5467,4.8686
5.5467,4.8387
5.5169,4.8088
5.5169,4.7790
5.4871,4.7491
5.4871,4.7192
5.4573,4.6894
5.4573,4.6595
5.4274,4.6595
5.4274,4.6296
5.4274,4.5998
5.4274,4.5699
5.3976,4.5699
5.3976,4.5400
5.3976,4.5102
5.3678,4.4803
5.3678,4.4504
5.3678,4.4205
5.3678,4.3907
5.3678,4.3608
5.3678,4.3309
5.3678,4.3011
5.3678,4.2712
5.3678,4.2413
5.3380,4.2115
5.3380,4.1816
5.3082,4.1517
5.3082,4.1219
5.3082,4.0920
5.2783,4.0621
5.2783,4.0323
5.2783,4.0024
5.2783,3.9725
5.2783,3.9427
5.2783,3.9128
5.2783,3.8829
5.2783,3.8530
5.2783,3.8232
5.2783,3.7933
5.2783,3.7634
5.2783,3.7336
5.2783,3.7037
5.2783,3.6738
5.2783,3.6440
5.2783,3.6141
5.2783,3.5842
5.2783,3.5544
5.2783,3.5245
5.2783,3.4946
5.2783,3.4648
5.2783,3.4349
5.2783,3.4050
5.2783,3.3751
5.2783,3.3453
5.2783,3.3154
5.2783,3.2855
5.2783,3.2557
5.2783,3.2258
5.2783,3.1959
5.2783,3.1661
5.2783,3.1362
5.2783,3.1063
5.2783,3.0765
5.2783,3.0466
5.3082,3.0167
5.3082,2.9869
5.3082,2.9570
5.3082,2.9271
5.3380,2.8973
5.3380,2.8674
5.3380,2.8375
5.3678,2.8076
5.3678,2.7778
5.3678,2.7479
5.3976,2.7479
5.3976,2.7180
5.4274,2.7180
5.4274,2.6882
5.4573,2.6882
5.4871,2.6583
5.5169,2.6284
5.5467,2.6284
5.5765,2.5986
5.6064,2.5986
5.6362,2.5986
5.6660,2.5687
5.6958,2.5687
5.7256,2.5388
5.7555,2.5388
5.7853,2.5090
5.8151,2.5090
5.8449,2.5090
5.8748,2.4791
5.9046,2.4791
5.9344,2.4492
5.9642,2.4492
5.9940,2.4492
6.0239,2.4492
6.0537,2.4492
6.0835,2.4492
6.1133,2.4492
6.1431,2.4492
6.1730,2.4194
6.2028,2.4194
6.2326,2.4194
6.2624,2.4194
6.2922,2.3895
6.3221,2.3895
6.3519,2.3895
6.3817,2.3895
6.3817,2.3596
6.4115,2.3596
6.4414,2.3596
6.4712,2.3596
6.5010,2.3596
6.5308,2.3297
6.5606,2.3297
6.5905,2.3297
6.6203,2.3297
6.6501,2.3297
6.6799,2.3297
6.7097,2.3297
6.7396,2.3297
6.7694,2.3297
6.7992,2.2999
6.8290,2.2999
6.8588,2.2999
6.8887,2.2999
6.8887,2.2700
6.9185,2.2700
6.9483,2.2700
6.9781,2.2401
7.0080,2.2401
7.0378,2.2401
7.0378,2.2103
7.0676,2.2103
7.0974,2.1804
7.1272,2.1804
7.1571,2.1804
7.1869,2.1804
7.2167,2.1804
7.2465,2.1804
7.2763,2.1804
7.3062,2.1804
7.3360,2.1804
7.3658,2.1804
7.3956,2.1804
7.4254,2.1804
7.4553,2.1804
7.4553,2.1505
7.4851,2.1505
7.5149,2.1505
7.5447,2.1505
7.5746,2.1505
7.6044,2.1207
7.6342,2.1207
7.6640,2.1207
7.6938,2.0908
7.7237,2.0908
7.7535,2.0609
7.7833,2.0609
7.8131,2.0609
7.8429,2.0609
7.8728,2.0609
7.9026,2.0609
7.9324,2.0609
7.9622,2.0609
7.9920,2.0311
8.0219,2.0311
8.0517,2.0311
8.0815,2.0311
8.1113,2.0012
8.1412,2.0012
8.1710,2.0012
8.2008,2.0012
8.2306,2.0012
8.2604,1.9713
8.2903,1.9713
8.3201,1.9713
8.3499,1.9713
8.3797,1.9415
8.4095,1.9415
8.4394,1.9415
8.4692,1.9415
8.4990,1.9415
8.5288,1.9415
8.5586,1.9415
8.5885,1.9415
8.6183,1.9415
8.6481,1.9116
8.6779,1.9116
8.7078,1.9116
8.7376,1.9116
8.7674,1.8817
8.7972,1.8817
8.8270,1.8817
8.8569,1.8519
8.8867,1.8519
8.9165,1.8519
8.9463,1.8519
8.9761,1.8220
9.0060,1.8220
9.0358,1.8220
9.0656,1.8220
9.0954,1.7921
9.1252,1.7921
9.1551,1.7921
9.1849,1.7921
9.2147,1.7622
9.2445,1.7622
9.2744,1.7622
9.3042,1.7324
9.3340,1.7324
9.3638,1.7324
9.3936,1.7025
9.4235,1.6726
9.4533,1.6726
9.4831,1.6726
9.5129,1.6726
9.5427,1.6428
9.5726,1.6428
9.6024,1.6428
9.6322,1.6129
9.6620,1.5830
9.6918,1.5830
9.7217,1.5532
9.7515,1.5532
9.7813,1.5532
9.8111,1.5532
9.8410,1.5233
9.8708,1.5233
9.9006,1.4934
9.9006,1.4636
9.9304,1.4636
9.9304,1.4337
9.9602,1.4337
9.9602,1.4038
9.9901,1.4038
10.0199,1.3740
10.0497,1.3740
10.0795,1.3441
10.1093,1.3142
10.1392,1.3142
10.1690,1.3142
10.1690,1.2843
10.1988,1.2843
10.2286,1.2843
10.2286,1.2545
10.2584,1.2246
10.2883,1.1947
10.2883,1.1649
10.3181,1.1350
10.3181,1.1051
10.3479,1.0753
10.3777,1.0454
10.4076,1.0155
10.4374,0.9857
10.4374,0.9558
10.4672,0.9558
10.4672,0.9259
10.4970,0.8961
10.4970,0.8662
10.5268,0.8363
10.5268,0.8065
10.5268,0.7766
10.5268,0.7467
10.5567,0.7168
10.5567,0.6870
10.5567,0.6571
10.5567,0.6272
10.5567,0.5974
10.5865,0.5675
10.5865,0.5376
10.5865,0.5078
10.5865,0.4779
10.6163,0.4480
10.6163,0.4182
10.6461,0.3883
10.6461,0.3584
10.6461,0.3286
10.6759,0.2987
10.6759,0.2688
10.6759,0.2389
10.6759,0.2091
10.7058,0.1792
10.7058,0.1493
10.7058,0.1195
10.7058,0.0896
10.7058,0.0597
10.7058,0.0299
10.7058,0.0000
10.7058,-0.0299
10.7058,-0.0597
10.7058,-0.0896
10.7058,-0.1195
10.7058,-0.1493
10.7058,-0.1792
10.7058,-0.2091
10.7058,-0.2389
10.7058,-0.2688
10.7058,-0.2987
10.7058,-0.3286
10.7058,-0.3584
10.7058,-0.3883
10.7058,-0.4182
10.7058,-0.4480
10.7058,-0.4779
10.7058,-0.5078
10.7058,-0.5376
10.7058,-0.5675
10.7058,-0.5974
10.7058,-0.6272
10.7058,-0.6571
10.7058,-0.6870
10.7058,-0.7168
10.7058,-0.7467
10.7058,-0.7766
10.7058,-0.8065
10.7058,-0.8363
10.7058,-0.8662
10.7058,-0.8961
10.7058,-0.9259
10.6759,-0.9558
10.6759,-0.9857
10.6759,-1.0155
10.6759,-1.0454
10.6461,-1.0753
10.6461,-1.1051
10.6461,-1.1350
10.6461,-1.1649
10.6461,-1.1947
10.6461,-1.2246
10.6163,-1.2545
10.6163,-1.2843
10.6163,-1.3142
10.6163,-1.3441
10.6163,-1.3740
10.5865,-1.4038
10.5865,-1.4337
10.5865,-1.4636
10.5865,-1.4934
10.5567,-1.5233
10.5567,-1.5532
10.5567,-1.5830
10.5567,-1.6129
10.5268,-1.6428
10.5268,-1.6726
10.4970,-1.7025
10.4672,-1.7324
10.4672,-1.7622
10.4672,-1.7921
10.4374,-1.8220
10.4374,-1.8519
10.4076,-1.8817
10.4076,-1.9116
10.3777,-1.9116
10.3777,-1.9415
10.3479,-1.9713
10.3181,-2.0012
10.3181,-2.0311
10.2883,-2.0311
10.2584,-2.0609
10.2286,-2.0908
10.1988,-2.1207
10.1690,-2.1207
10.1392,-2.1505
10.1093,-2.1505
10.0795,-2.1804
10.0497,-2.1804
10.0497,-2.2103
10.0199,-2.2103
9.9901,-2.2401
9.9602,-2.2700
9.9304,-2.2700
9.9006,-2.2700
9.8708,-2.2700
9.8410,-2.2700
9.8111,-2.2700
9.7813,-2.2700
9.7515,-2.2700
9.7217,-2.2700
9.6918,-2.2700
9.6620,-2.2700
9.6322,-2.2700
9.6024,-2.2700
9.5726,-2.2700
9.5427,-2.2700
9.5129,-2.2700
9.4831,-2.2700
9.4533,-2.2700
9.4235,-2.2700
9.3936,-2.2700
9.3638,-2.2700
9.3340,-2.2700
9.3042,-2.2700
9.2744,-2.2700
9.2445,-2.2700
9.2147,-2.2700
9.1849,-2.2700
9.1551,-2.2700
9.1252,-2.2700
9.0954,-2.2700
9.0656,-2.2700
9.0358,-2.2700
9.0060,-2.2700
8.9761,-2.2700
8.9463,-2.2700
8.9165,-2.2700
8.8867,-2.2700
8.8569,-2.2700
8.8270,-2.2700
8.7972,-2.2700
8.7674,-2.2700
8.7376,-2.2700
8.7078,-2.2700
8.6779,-2.2700
8.6481,-2.2700
8.6183,-2.2700
8.5885,-2.2700
8.5586,-2.2700
8.5288,-2.2700
8.4990,-2.2700
8.4692,-2.2700
8.4394,-2.2700
8.4095,-2.2700
8.3797,-2.2700
8.3499,-2.2700
8.3201,-2.2700
8.2903,-2.2700
8.2604,-2.2401
8.2306,-2.2401
8.2008,-2.2401
8.1710,-2.2401
8.1412,-2.2103
8.1113,-2.2103
8.0815,-2.2103
8.0517,-2.2103
8.0219,-2.2103
7.9920,-2.2103
7.9622,-2.1804
7.9324,-2.1804
7.9026,-2.1804
7.8728,-2.1804
7.8429,-2.1505
7.8131,-2.1505
7.7833,-2.1505
7.7535,-2.1207
7.7237,-2.1207
7.6938,-2.1207
7.6640,-2.1207
7.6342,-2.1207
7.6044,-2.1207
7.5746,-2.0908
7.5447,-2.0908
7.5149,-2.0908
7.4851,-2.0908
7.4553,-2.0609
7.4254,-2.0609
7.3956,-2.0609
7.3658,-2.0609
7.3360,-2.0609
7.3062,-2.0609
7.2763,-2.0609
7.2465,-2.0311
7.2167,-2.0311
7.1869,-2.0311
7.1571,-2.0311
7.1272,-2.0012
7.0974,-2.0012
7.0676,-1.9713
7.0378,-1.9713
7.0080,-1.9713
6.9781,-1.9713
6.9483,-1.9415
6.9185,-1.9415
6.8887,-1.9415
6.8588,-1.9415
6.8290,-1.9415
6.7992,-1.9415
6.7694,-1.9415
6.7396,-1.9415
6.7097,-1.9415
6.6799,-1.9415
6.6501,-1.9415
6.6203,-1.9415
6.5905,-1.9415
6.5606,-1.9415
6.5308,-1.9415
6.5010,-1.9415
6.4712,-1.9415
6.4414,-1.9415
6.4115,-1.9415
6.3817,-1.9415
6.3519,-1.9415
6.3221,-1.9415
6.2922,-1.9415
6.2624,-1.9415
6.2326,-1.9415
6.2028,-1.9415
6.1730,-1.9415
6.1431,-1.9415
6.1133,-1.9415
6.0835,-1.9415
6.0537,-1.9415
6.0239,-1.9415
5.9940,-1.9415
5.9642,-1.9415
5.9344,-1.9415
5.9046,-1.9415
5.8748,-1.9415
5.8449,-1.9415
5.8151,-1.9415
5.7853,-1.9415
5.7555,-1.9415
5.7256,-1.9415
5.6958,-1.9415
5.6660,-1.9415
5.6362,-1.9415
5.6064,-1.9415
5.5765,-1.9415
5.5467,-1.9415
5.5169,-1.9415
5.4871,-1.9713
5.4573,-1.9713
5.4274,-1.9713
5.3976,-2.0012
5.3678,-2.0012
5.3380,-2.0311
5.3082,-2.0311
5.2783,-2.0311
5.2485,-2.0311
5.2187,-2.0311
5.1889,-2.0311
5.1590,-2.0311
5.1292,-2.0609
5.0994,-2.0609
5.0696,-2.0609
5.0398,-2.0609
5.0099,-2.0609
4.9801,-2.0609
4.9503,-2.0609
4.9205,-2.0609
4.8907,-2.0609
4.8608,-2.0609
4.8310,-2.0908
4.8012,-2.0908
4.7714,-2.0908
4.7416,-2.0908
4.7117,-2.1207
4.6819,-2.1207
4.6521,-2.1505
4.6223,-2.1505
4.5924,-2.1804
4.5626,-2.1804
4.5328,-2.1804
4.5328,-2.2103
4.5030,-2.2103
4.4732,-2.2401
4.4433,-2.2700
4.4135,-2.2999
4.3837,-2.3297
4.3539,-2.3596
4.3241,-2.3895
4.2942,-2.4194
4.2644,-2.4492
4.2346,-2.4791
4.2048,-2.5090
4.1750,-2.5388
4.1451,-2.5687
4.1451,-2.5986
4.1153,-2.6284
4.1153,-2.6583
4.0855,-2.6882
4.0855,-2.7180
4.0557,-2.7180
4.0557,-2.7479
4.0258,-2.7479
4.0258,-2.7778
4.0258,-2.8076
3.9960,-2.8076
3.9960,-2.8375
3.9662,-2.8375
3.9662,-2.8674
3.9662,-2.8973
3.9364,-2.8973
3.9364,-2.9271
3.9066,-2.9271
3.9066,-2.9570
3.8767,-2.9869
3.8767,-3.0167
3.8469,-3.0167
3.8469,-3.0466
3.8171,-3.0466
3.8171,-3.0765
3.7873,-3.1063
3.7873,-3.1362
3.7575,-3.1661
3.7575,-3.1959
3.7276,-3.2258
3.7276,-3.2557
3.6978,-3.2855
3.6978,-3.3154
3.6680,-3.3154
3.6680,-3.3453
3.6680,-3.3751
3.6382,-3.3751
3.6382,-3.4050
3.6083,-3.4050
3.6083,-3.4349
3.6083,-3.4648
3.6083,-3.4946
3.5785,-3.5245
3.5785,-3.5544
3.5785,-3.5842
3.5785,-3.6141
3.5785,-3.6440
3.5487,-3.6440
3.5487,-3.6738
3.5487,-3.7037
3.5487,-3.7336
3.5189,-3.7634
3.5189,-3.7933
3.4891,-3.8232
3.4891,-3.8530
3.4592,-3.8829
3.4592,-3.9128
3.4592,-3.9427
3.4592,-3.9725
3.4294,-4.0024
3.4294,-4.0323
3.4294,-4.0621
3.3996,-4.0920
3.3996,-4.1219
3.3698,-4.1517
3.3698,-4.1816
3.3400,-4.1816
3.3400,-4.2115
3.3400,-4.2413
3.3101,-4.2413
3.3101,-4.2712
3.2803,-4.3011
3.2803,-4.3309
3.2803,-4.3608
3.2505,-4.3907
3.2505,-4.4205
3.2207,-4.4504
3.2207,-4.4803
3.1909,-4.5102
3.1909,-4.5400
3.1909,-4.5699
3.1909,-4.5998
3.1610,-4.6296
3.1610,-4.6595
3.1312,-4.6894
3.1312,-4.7192
3.1312,-4.7491
3.1312,-4.7790
3.1014,-4.8088
3.1014,-4.8387
3.1014,-4.8686
3.0716,-4.8686
3.0716,-4.8984
3.0716,-4.9283
3.0716,-4.9582
3.0417,-4.9582
3.0417,-4.9881
3.0417,-5.0179
3.0119,-5.0478
3.0119,-5.0777
2.9821,-5.1075
2.9821,-5.1374
2.9523,-5.1673
2.9225,-5.1971
2.9225,-5.2270
2.8926,-5.2569
2.8926,-5.2867
2.8628,-5.3166
2.8628,-5.3465
2.8330,-5.3465
2.8330,-5.3763
2.8330,-5.4062
2.8032,-5.4062
2.8032,-5.4361
2.7734,-5.4361
2.7734,-5.4659
2.7435,-5.4958
2.7435,-5.5257
2.7137,-5.5257
2.7137,-5.5556
2.6839,-5.5854
2.6839,-5.6153
2.6541,-5.6452
2.6541,-5.6750
2.6243,-5.7049
2.6243,-5.7348
2.5944,-5.7646
2.5646,-5.7945
2.5646,-5.8244
2.5348,-5.8542
2.5348,-5.8841
2.5050,-5.9140
2.5050,-5.9438
2.4751,-5.9737
2.4453,-6.0036
2.4453,-6.0335
2.4155,-6.0633
2.4155,-6.0932
2.3857,-6.0932
2.3857,-6.1231
2.3559,-6.1529
2.3559,-6.1828
2.3260,-6.2127
2.3260,-6.2425
2.2962,-6.2724
2.2664,-6.3023
2.2664,-6.3321
2.2366,-6.3620
2.2068,-6.3919
2.1769,-6.4217
2.1769,-6.4516
2.1471,-6.4815
2.1471,-6.5114
2.1173,-6.5412
2.0875,-6.5711
2.0875,-6.6010
2.0577,-6.6010
2.0577,-6.6308
2.0278,-6.6308
2.0278,-6.6607
1.9980,-6.6607
1.9980,-6.6906
1.9682,-6.6906
1.9682,-6.7204
1.9384,-6.7503
1.9384,-6.7802
1.9085,-6.7802
1.9085,-6.8100
1.8787,-6.8399
1.8489,-6.8698
1.8191,-6.8996
1.7893,-6.9295
1.7893,-6.9594
1.7594,-6.9594
1.7594,-6.9892
1.7296,-6.9892
1.7296,-7.0191
1.6998,-7.0490
1.6998,-7.0789
1.6700,-7.1087
1.6700,-7.1386
1.6402,-7.1386
1.6103,-7.1685
1.5805,-7.1685
1.5805,-7.1983
1.5507,-7.1983
1.5507,-7.2282
1.5209,-7.2282
1.5209,-7.2581
1.4911,-7.2879
1.4911,-7.3178
1.4612,-7.3477
1.4612,-7.3775
1.4314,-7.3775
1.4314,-7.4074
1.4016,-7.4373
1.4016,-7.4671
1.3718,-7.4671
1.3718,-7.4970
1.3419,-7.5269
1.3121,-7.5568
1.2823,-7.5866
1.2823,-7.6165
1.2525,-7.6165
1.2525,-7.6464
1.2227,-7.6464
1.2227,-7.6762
1.1928,-7.6762
1.1928,-7.7061
1.1928,-7.7360
1.1630,-7.7360
1.1630,-7.7658
1.1332,-7.7658
1.1332,-7.7957
1.1332,-7.8256
1.1332,-7.8554
1.1034,-7.8554
1.1034,-7.8853
1.1034,-7.9152
1.0736,-7.9152
1.0736,-7.9450
1.0437,-7.9749
1.0437,-8.0048
1.0139,-8.0048
1.0139,-8.0346
0.9841,-8.0346
0.9841,-8.0645
0.9543,-8.0645
0.9543,-8.0944
0.9543,-8.1243
0.9245,-8.1541
0.9245,-8.1840
0.8946,-8.2139
0.8946,-8.2437
0.8946,-8.2736
0.8648,-8.3035
0.8648,-8.3333
0.8350,-8.3632
0.8350,-8.3931
0.8052,-8.4229
0.8052,-8.4528
0.7753,-8.4528
0.7753,-8.4827
0.7753,-8.5125
0.7455,-8.5125
0.7455,-8.5424
0.7157,-8.5424
0.7157,-8.5723
0.6859,-8.5723
0.6859,-8.6022
0.6561,-8.6320
0.6262,-8.6619
0.5964,-8.6918
0.5964,-8.7216
0.5666,-8.7515
0.5666,-8.7814
0.5368,-8.8112
0.5368,-8.8411
0.5070,-8.8710
0.4771,-8.9008
0.4771,-8.9307
0.4473,-8.9606
0.4473,-8.9904
0.4175,-9.0203
0.4175,-9.0502
0.3877,-9.0800
0.3877,-9.1099
0.3579,-9.1398
0.3579,-9.1697
0.3280,-9.1995
0.3280,-9.2294
0.2982,-9.2593
0.2982,-9.2891
0.2982,-9.3190
0.2684,-9.3489
0.2684,-9.3787
0.2684,-9.4086
0.2684,-9.4385
0.2386,-9.4683
0.2386,-9.4982
0.2386,-9.5281
0.2386,-9.5579
0.2087,-9.5878
0.2087,-9.6177
0.1789,-9.6476
0.1789,-9.6774
0.1789,-9.7073
0.1789,-9.7372
0.1491,-9.7670
0.1491,-9.7969
0.1491,-9.8268
0.1491,-9.8566
0.1491,-9.8865
0.1491,-9.9164
0.1491,-9.9462
0.1491,-9.9761
0.1491,-10.0060
0.1491,-10.0358
0.1491,-10.0657
0.1491,-10.0956
0.1491,-10.1254
0.1491,-10.1553
0.1491,-10.1852
0.1491,-10.2151
0.1491,-10.2449
0.1491,-10.2748
0.1491,-10.3047
0.1491,-10.3345
0.1491,-10.3644
0.1491,-10.3943
0.1491,-10.4241
0.1491,-10.4540
0.1491,-10.4839
0.1491,-10.5137
0.1491,-10.5436
0.1491,-10.5735
0.1491,-10.6033
0.1491,-10.6332
0.1491,-10.6631
0.1491,-10.6930
0.1491,-10.7228
0.1491,-10.7527
0.1491,-10.7826
0.1491,-10.8124
0.1491,-10.8423
0.1491,-10.8722
0.1491,-10.9020
0.1491,-10.9319
0.1491,-10.9618
0.1491,-10.9916
0.1491,-11.0215
0.1491,-11.0514
0.1491,-11.0812
0.1491,-11.1111
0.1491,-11.1410
0.1491,-11.1708
0.1491,-11.2007
0.1491,-11.2306
0.1491,-11.2605
0.1789,-11.2903
0.1789,-11.3202
0.1789,-11.3501
0.2087,-11.3799
0.2386,-11.4098
0.2386,-11.4397
0.2386,-11.4695
0.2386,-11.4994
0.2386,-11.5293
0.2386,-11.5591
0.2386,-11.5890
0.2386,-11.6189
0.2386,-11.6487
0.2386,-11.6786
0.2386,-11.7085
0.2386,-11.7384
0.2684,-11.7682
0.2684,-11.7981
0.2684,-11.8280
0.2982,-11.8578
0.2982,-11.8877
0.2982,-11.9176
0.2982,-11.9474
0.2982,-11.9773
0.2982,-12.0072
0.3280,-12.0370
0.3280,-12.0669
0.3280,-12.0968
0.3280,-12.1266
0.3579,-12.1266
0.3579,-12.1565
0.3877,-12.1864
0.3877,-12.2162
0.3877,-12.2461
0.3877,-12.2760
0.3877,-12.3059
0.3877,-12.3357
0.3877,-12.3656
0.3877,-12.3955
0.3877,-12.4253
0.3877,-12.4552
0.3877,-12.4851
0.3877,-12.5149
0.3877,-12.5448
0.4175,-12.5747
0.4175,-12.6045
0.4175,-12.6344
0.4473,-12.6643
0.4473,-12.6941
0.4473,-12.7240
0.4771,-12.7539
0.4771,-12.7838
0.5070,-12.8136
0.5070,-12.8435
0.5070,-12.8734
0.5070,-12.9032
0.5070,-12.9331
0.5368,-12.9630
0.5368,-12.9928
0.5368,-13.0227
0.5666,-13.0526
0.5666,-13.0824
0.5666,-13.1123
0.5666,-13.1422
0.5964,-13.1720
0.5964,-13.2019
0.5964,-13.2318
0.6262,-13.2616
0.6262,-13.2915
0.6262,-13.3214
0.6561,-13.3513
0.6561,-13.3811
0.6859,-13.3811
0.6859,-13.4110
0.7157,-13.4409
0.7157,-13.4707
0.7455,-13.5006
0.7455,-13.5305
0.7455,-13.5603
0.7753,-13.5603
0.7753,-13.5902
0.7753,-13.6201
0.7753,-13.6499
0.7753,-13.6798
0.8052,-13.7097
0.8052,-13.7395
0.8052,-13.7694
0.8350,-13.7993
0.8350,-13.8292
0.8350,-13.8590
0.8648,-13.8889
0.8648,-13.9188
0.8946,-13.9486
0.8946,-13.9785
0.9245,-14.0084
0.9245,-14.0382
0.9543,-14.0681
0.9543,-14.0980
0.9841,-14.1278
0.9841,-14.1577
0.9841,-14.1876
1.0139,-14.2174
1.0139,-14.2473
1.0139,-14.2772
1.0437,-14.3070
1.0437,-14.3369
1.0437,-14.3668
1.0736,-14.3967
1.0736,-14.4265
1.1034,-14.4564
1.1034,-14.4863
1.1332,-14.5161
1.1332,-14.5460
1.1630,-14.5460
1.1630,-14.5759
1.1928,-14.5759
1.1928,-14.6057
1.1928,-14.6356
1.2227,-14.6356
1.2227,-14.6655
1.2525,-14.6655
1.2525,-14.6953
1.2823,-14.7252
1.2823,-14.7551
1.2823,-14.7849
1.3121,-14.7849
1.3121,-14.8148
1.3121,-14.8447
1.3121,-14.8746
1.3419,-14.9044
1.3419,-14.9343
1.3718,-14.9343
1.3718,-14.9642
1.4016,-14.9940
1.4016,-15.0239
1.4314,-15.0538
1.4314,-15.0836
1.4612,-15.1135
1.4612,-15.1434
1.4911,-15.1732
1.4911,-15.2031
1.5209,-15.2330
1.5209,-15.2628
1.5507,-15.2927
1.5805,-15.3226
1.5805,-15.3524
1.6103,-15.3823
1.6103,-15.4122
1.6402,-15.4421
1.6402,-15.4719
1.6402,-15.5018
1.6700,-15.5317
1.6700,-15.5615
1.6700,-15.5914
1.6998,-15.6213
1.6998,-15.6511
1.7296,-15.6810
1.7296,-15.7109
1.7594,-15.7407
1.7594,-15.7706
1.7893,-15.8005
1.8191,-15.8303
1.8191,-15.8602
1.8191,-15.8901
1.8489,-15.9200
1.8489,-15.9498
1.8787,-15.9797
1.8787,-16.0096
1.9085,-16.0394
1.9085,-16.0693
1.9085,-16.0992
1.9085,-16.1290
1.9085,-16.1589
1.9085,-16.1888
1.9384,-16.2186
1.9384,-16.2485
1.9384,-16.2784
1.9682,-16.3082
1.9980,-16.3381
1.9980,-16.3680
1.9980,-16.3978
2.0278,-16.3978
2.0278,-16.4277
2.0278,-16.4576
2.0577,-16.4875
2.0577,-16.5173
2.0875,-16.5472
2.0875,-16.5771
2.1173,-16.6069
2.1173,-16.6368
2.1471,-16.6667
2.1471,-16.6965
2.1769,-16.7264
2.1769,-16.7563
2.1769,-16.7861
2.1769,-16.8160
2.1769,-16.8459
2.1769,-16.8757
2.2068,-16.9056
2.2068,-16.9355
2.2068,-16.9654
2.2068,-16.9952
2.2366,-17.0251
2.2366,-17.0550
2.2366,-17.0848
2.2366,-17.1147
2.2366,-17.1446
2.2366,-17.1744
2.2366,-17.2043
2.2366,-17.2342
2.2366,-17.2640
2.2664,-17.2939
2.2664,-17.3238
2.2664,-17.3536
2.2664,-17.3835
2.2664,-17.4134
2.2962,-17.4432
2.2962,-17.4731
2.2962,-17.5030
2.2962,-17.5329
2.2962,-17.5627
2.2962,-17.5926
2.2962,-17.6225
2.2962,-17.6523
2.2962,-17.6822
2.2962,-17.7121
2.2962,-17.7419
2.2962,-17.7718
2.2962,-17.8017
2.2962,-17.8315
2.2962,-17.8614
2.2962,-17.8913
2.2962,-17.9211
2.2962,-17.9510
2.2962,-17.9809
2.2962,-18.0108
2.2962,-18.0406
2.2962,-18.0705
2.2962,-18.1004
2.2962,-18.1302
2.2962,-18.1601
2.2962,-18.1900
2.2962,-18.2198
2.2962,-18.2497
2.2962,-18.2796
2.2962,-18.3094
2.2962,-18.3393
2.2962,-18.3692
2.2962,-18.3990
2.2962,-18.4289
2.2962,-18.4588
2.2962,-18.4886
2.2962,-18.5185
2.2962,-18.5484
2.2962,-18.5783
2.2962,-18.6081
2.2962,-18.6380
2.2962,-18.6679
2.2962,-18.6977
2.2962,-18.7276
2.2962,-18.7575
2.2962,-18.7873
2.2962,-18.8172
2.2962,-18.8471
2.2962,-18.8769
2.2962,-18.9068
2.2962,-18.9367
2.2962,-18.9665
2.2962,-18.9964
2.2962,-19.0263
2.2664,-19.0562
2.2664,-19.0860
2.2664,-19.1159
2.2664,-19.1458
2.2664,-19.1756
2.2366,-19.2055
2.2366,-19.2354
2.2366,-19.2652
2.2366,-19.2951
2.2366,-19.3250
2.2366,-19.3548
2.2366,-19.3847
2.2366,-19.4146
2.2366,-19.4444
2.2366,-19.4743
2.2366,-19.5042
2.2366,-19.5341
2.2366,-19.5639
2.2068,-19.5938
2.2068,-19.6237
2.2068,-19.6535
2.2068,-19.6834
2.1769,-19.7133
2.1769,-19.7431
2.1769,-19.7730
2.1769,-19.8029
2.1769,-19.8327
2.1769,-19.8626
2.1471,-19.8925
2.1471,-19.9223
2.1173,-19.9522
2.1173,-19.9821
2.1173,-20.0119
2.0875,-20.0418
2.0875,-20.0717
2.0875,-20.1016
2.0875,-20.1314
2.0875,-20.1613
2.0875,-20.1912
2.0875,-20.2210
2.0875,-20.2509
2.0875,-20.2808
2.0875,-20.3106
2.0875,-20.3405
2.0577,-20.3704
2.0577,-20.4002
2.0278,-20.4301
2.0278,-20.4600
1.9980,-20.4600
1.9980,-20.4898
1.9980,-20.5197
1.9682,-20.5496
1.9682,-20.5795
1.9682,-20.6093
1.9384,-20.6392
1.9384,-20.6691
1.9384,-20.6989
1.9384,-20.7288
1.9085,-20.7288
1.9085,-20.7587
1.9085,-20.7885
1.8787,-20.8184
1.8787,-20.8483
1.8787,-20.8781
1.8489,-20.9080
1.8489,-20.9379
1.8489,-20.9677
1.8191,-20.9976
1.8191,-21.0275
1.7893,-21.0573
1.7893,-21.0872
1.7594,-21.1171
1.7594,-21.1470
1.7296,-21.1470
1.7296,-21.1768
1.6998,-21.2067
1.6998,-21.2366
1.6998,-21.2664
1.6700,-21.2963
1.6700,-21.3262
1.6700,-21.3560
1.6402,-21.3560
1.6402,-21.3859
1.6402,-21.4158
1.6103,-21.4456
1.6103,-21.4755
1.5805,-21.5054
1.5805,-21.5352
1.5507,-21.5651
1.5507,-21.5950
1.5209,-21.5950
1.5209,-21.6249
1.4911,-21.6547
1.4911,-21.6846
1.4612,-21.6846
1.4612,-21.7145
1.4314,-21.7443
1.4314,-21.7742
1.4016,-21.7742
1.4016,-21.8041
1.3718,-21.8339
1.3718,-21.8638
1.3419,-21.8937
1.3121,-21.9235
1.3121,-21.9534
1.2823,-21.9833
1.2823,-22.0131
1.2525,-22.0131
1.2525,-22.0430
1.2525,-22.0729
1.2227,-22.0729
1.2227,-22.1027
1.1928,-22.1027
1.1928,-22.1326
1.1928,-22.1625
1.1630,-22.1625
1.1630,-22.1924
1.1332,-22.1924
1.1332,-22.2222
1.1034,-22.2521
1.1034,-22.2820
1.1034,-22.3118
1.1034,-22.3417
1.0736,-22.3716
1.0736,-22.4014
1.0437,-22.4313
1.0437,-22.4612
1.0139,-22.4612
1.0139,-22.4910
0.9841,-22.5209
0.9841,-22.5508
0.9543,-22.5508
0.9245,-22.5806
0.8946,-22.6105
0.8648,-22.6105
0.8350,-22.6404
0.8052,-22.6404
0.7753,-22.6404
0.7753,-22.6703
0.7455,-22.6703
0.7157,-22.7001
0.6859,-22.7001
0.6561,-22.7300
0.6262,-22.7300
0.5964,-22.7300
0.5666,-22.7300
0.5368,-22.7300
0.5070,-22.7300
0.4771,-22.7300
0.4473,-22.7300
0.4175,-22.7300
0.3877,-22.7300
0.3579,-22.7300
0.3280,-22.7300
0.2982,-22.7300
0.2684,-22.7300
0.2386,-22.7300
0.2087,-22.7300
0.1789,-22.7300
0.1491,-22.7300
0.1193,-22.7300
0.0895,-22.7300
0.0596,-22.7300
0.0298,-22.7300
0.0000,-22.7300
-0.0298,-22.7300
-0.0596,-22.7300
-0.0895,-22.7300
-0.1193,-22.7300
-0.1491,-22.7300
-0.1789,-22.7300
-0.2087,-22.7300
-0.2386,-22.7300
-0.2684,-22.7300
-0.2982,-22.7300
-0.3280,-22.7300
-0.3579,-22.7300
-0.3877,-22.7300
-0.4175,-22.7300
-0.4473,-22.7300
-0.4771,-22.7300
-0.5070,-22.7300
-0.5368,-22.7300
-0.5666,-22.7300
-0.5964,-22.7300
-0.6262,-22.7300
-0.6561,-22.7300
-0.6859,-22.7300
-0.7157,-22.7300
-0.7455,-22.7300
-0.7753,-22.7300
-0.8052,-22.7300
-0.8350,-22.7300
-0.8648,-22.7300
-0.8946,-22.7300
-0.9245,-22.7300
-0.9543,-22.7300
-0.9841,-22.7300
-1.0139,-22.7300
-1.0437,-22.7300
-1.0736,-22.7300
-1.1034,-22.7300
-1.1332,-22.7300
-1.1630,-22.7300
-1.1928,-22.7300
-1.2227,-22.7300
-1.2525,-22.7300
-1.2823,-22.7300
-1.3121,-22.7300
-1.3419,-22.7300
-1.3718,-22.7300
-1.4016,-22.7300
-1.4314,-22.7300
-1.4612,-22.7300
-1.4911,-22.7300
-1.5209,-22.7300
-1.5507,-22.7300
-1.5805,-22.7300
-1.6103,-22.7300
-1.6402,-22.7300
-1.6700,-22.7300
-1.6998,-22.7300
-1.7296,-22.7300
-1.7594,-22.7300
-1.7893,-22.7300
-1.8191,-22.7300
-1.8489,-22.7300
-1.8787,-22.7300
-1.9085,-22.7300
-1.9384,-22.7300
-1.9682,-22.7300
-1.9980,-22.7300
-2.0278,-22.7300
-2.0577,-22.7300
-2.0875,-22.7300
-2.1173,-22.7300
-2.1471,-22.7300
-2.1769,-22.7300
-2.2068,-22.7300
-2.2366,-22.7300
-2.2664,-22.7300
-2.2962,-22.7300
-2.3260,-22.7300
-2.3559,-22.7300
-2.3857,-22.7300
-2.4155,-22.7300
-2.4453,-22.7300
-2.4751,-22.7300
-2.5050,-22.7300
-2.5348,-22.7300
-2.5646,-22.7300
-2.5944,-22.7300
-2.6243,-22.7300
-2.6541,-22.7300
-2.6839,-22.7300
-2.7137,-22.7300
-2.7435,-22.7300
-2.7734,-22.7300
-2.8032,-22.7300
-2.8330,-22.7300
-2.8628,-22.7300
-2.8926,-22.7001
-2.9225,-22.7001
-2.9225,-22.6703
-2.9523,-22.6703
-2.9821,-22.6703
-3.0119,-22.6703
-3.0417,-22.6404
-3.0716,-22.6404
-3.1014,-22.6404
-3.1312,-22.6404
-3.1610,-22.6404
-3.1909,-22.6404
-3.2207,-22.6404
-3.2505,-22.6105
-3.2803,-22.6105
-3.3101,-22.6105
-3.3400,-22.5806
-3.3698,-22.5806
-3.3698,-22.5508
-3.3996,-22.5508
-3.4294,-22.5508
-3.4592,-22.5508
-3.4891,-22.5209
-3.5189,-22.5209
-3.5487,-22.5209
-3.5785,-22.5209
-3.6083,-22.5209
-3.6382,-22.5209
-3.6680,-22.5209
-3.6978,-22.5209
-3.7276,-22.5209
-3.7575,-22.5209
-3.7873,-22.5209
-3.8171,-22.5209
-3.8469,-22.5209
-3.8767,-22.5209
-3.9066,-22.5209
-3.9364,-22.4910
-3.9662,-22.4910
-3.9960,-22.4910
-4.0258,-22.4910
-4.0557,-22.4910
-4.0557,-22.4612
-4.0855,-22.4612
-4.0855,-22.4313
-4.1153,-22.4313
-4.1451,-22.4313
-4.1750,-22.4014
-4.2048,-22.4014
-4.2346,-22.4014
-4.2644,-22.4014
-4.2942,-22.3716
-4.3241,-22.3716
-4.3539,-22.3716
-4.3539,-22.3417
-4.3837,-22.3417
-4.4135,-22.3118
-4.4433,-22.3118
-4.4732,-22.3118
-4.5030,-22.3118
-4.5328,-22.2820
-4.5626,-22.2820
-4.5924,-22.2820
-4.6223,-22.2820
-4.6521,-22.2521
-4.6819,-22.2521
-4.7117,-22.2521
-4.7416,-22.2521
-4.7714,-22.2222
-4.8012,-22.2222
-4.8310,-22.1924
-4.8608,-22.1625
-4.8907,-22.1326
-4.9205,-22.1326
-4.9205,-22.1027
-4.9503,-22.1027
-4.9503,-22.0729
-4.9801,-22.0729
-4.9801,-22.0430
-5.0099,-22.0430
-5.0099,-22.0131
-5.0099,-21.9833
-5.0398,-21.9534
-5.0398,-21.9235
-5.0696,-21.8937
-5.0994,-21.8638
-5.1292,-21.8638
-5.1590,-21.8339
-5.1889,-21.8041
-5.2187,-21.7742
-5.2485,-21.7443
-5.2485,-21.7145
-5.2783,-21.6846
-5.2783,-21.6547
-5.3082,-21.6547
-5.3082,-21.6249
-5.3380,-21.6249
-5.3380,-21.5950
-5.3678,-21.5651
-5.3678,-21.5352
-5.3976,-21.5054
-5.3976,-21.4755
-5.4274,-21.4456
-5.4274,-21.4158
-5.4573,-21.3859
-5.4573,-21.3560
-5.4573,-21.3262
-5.4871,-21.2963
-5.4871,-21.2664
-5.4871,-21.2366
-5.5169,-21.2067
-5.5467,-21.1768
-5.5765,-21.1470
-5.5765,-21.1171
-5.6064,-21.1171
-5.6064,-21.0872
-5.6064,-21.0573
-5.6064,-21.0275
-5.6362,-20.9976
-5.6362,-20.9677
-5.6362,-20.9379
-5.6362,-20.9080
-5.6362,-20.8781
-5.6660,-20.8781
-5.6660,-20.8483
-5.6660,-20.8184
-5.6958,-20.7885
-5.6958,-20.7587
-5.7256,-20.7288
-5.7256,-20.6989
-5.7256,-20.6691
-5.7256,-20.6392
-5.7555,-20.6093
-5.7555,-20.5795
-5.7555,-20.5496
-5.7555,-20.5197
-5.7555,-20.4898
-5.7853,-20.4600
-5.7853,-20.4301
-5.7853,-20.4002
-5.7853,-20.3704
-5.8151,-20.3405
-5.8151,-20.3106
-5.8151,-20.2808
-5.8449,-20.2509
-5.8449,-20.2210
-5.8449,-20.1912
-5.8449,-20.1613
-5.8748,-20.1314
-5.8748,-20.1016
-5.8748,-20.0717
-5.8748,-20.0418
-5.8748,-20.0119
-5.8748,-19.9821
-5.8748,-19.9522
-5.8748,-19.9223
-5.8748,-19.8925
-5.8748,-19.8626
-5.8748,-19.8327
-5.8748,-19.8029
-5.8748,-19.7730
-5.8748,-19.7431
-5.8748,-19.7133
-5.8748,-19.6834
-5.8748,-19.6535
-5.8748,-19.6237
-5.8748,-19.5938
-5.8748,-19.5639
-5.8748,-19.5341
-5.8748,-19.5042
-5.8748,-19.4743
-5.8748,-19.4444
-5.8748,-19.4146
-5.8748,-19.3847
-5.8748,-19.3548
-5.8748,-19.3250
-5.8748,-19.2951
-5.8748,-19.2652
-5.8748,-19.2354
-5.8748,-19.2055
-5.8449,-19.1756
-5.8449,-19.1458
-5.8449,-19.1159
-5.8151,-19.0860
-5.8151,-19.0562
-5.7853,-19.0263
-5.7853,-18.9964
-5.7853,-18.9665
-5.7853,-18.9367
-5.7853,-18.9068
-5.7853,-18.8769
-5.7853,-18.8471
-5.7853,-18.8172
-5.7853,-18.7873
-5.7853,-18.7575
-5.7853,-18.7276
-5.7853,-18.6977
-5.7853,-18.6679
-5.7853,-18.6380
-5.7853,-18.6081
-5.7853,-18.5783
-5.7853,-18.5484
-5.7853,-18.5185
-5.7853,-18.4886
-5.7853,-18.4588
-5.7853,-18.4289
-5.7555,-18.3990
-5.7555,-18.3692
-5.7555,-18.3393
-5.7555,-18.3094
-5.7555,-18.2796
-5.7555,-18.2497
-5.7555,-18.2198
-5.7555,-18.1900
-5.7555,-18.1601
-5.7555,-18.1302
-5.7256,-18.1004
-5.7256,-18.0705
-5.7256,-18.0406
-5.7256,-18.0108
-5.6958,-18.0108
-5.6958,-17.9809
-5.6958,-17.9510
-5.6958,-17.9211
-5.6660,-17.8913
-5.6660,-17.8614
-5.6660,-17.8315
-5.6660,-17.8017
-5.6660,-17.7718
-5.6660,-17.7419
-5.6660,-17.7121
-5.6660,-17.6822
-5.6362,-17.6523
-5.6362,-17.6225
-5.6362,-17.5926
-5.6362,-17.5627
-5.6362,-17.5329
-5.6362,-17.5030
-5.6362,-17.4731
-5.6362,-17.4432
-5.6362,-17.4134
-5.6064,-17.3835
-5.6064,-17.3536
-5.6064,-17.3238
-5.5765,-17.2939
-5.5467,-17.2640
-5.5467,-17.2342
-5.5467,-17.2043
-5.5467,-17.1744
-5.5467,-17.1446
-5.5467,-17.1147
-5.5467,-17.0848
-5.5467,-17.0550
-5.5467,-17.0251
-5.5467,-16.9952
-5.5169,-16.9654
-5.5169,-16.9355
-5.5169,-16.9056
-5.4871,-16.8757
-5.4871,-16.8459
-5.4871,-16.8160
-5.4871,-16.7861
-5.4573,-16.7563
-5.4573,-16.7264
-5.4573,-16.6965
-5.4573,-16.6667
-5.4274,-16.6368
-5.4274,-16.6069
-5.4274,-16.5771
-5.4274,-16.5472
-5.4274,-16.5173
-5.4274,-16.4875
-5.4274,-16.4576
-5.4274,-16.4277
-5.4274,-16.3978
-5.3976,-16.3680
-5.3976,-16.3381
-5.3976,-16.3082
-5.3678,-16.2784
-5.3678,-16.2485
-5.3678,-16.2186
-5.3380,-16.2186
-5.3380,-16.1888
-5.3380,-16.1589
-5.3380,-16.1290
-5.3082,-16.1290
-5.3082,-16.0992
-5.3082,-16.0693
-5.3082,-16.0394
-5.2783,-16.0096
-5.2783,-15.9797
-5.2783,-15.9498
-5.2783,-15.9200
-5.2783,-15.8901
-5.2783,-15.8602
-5.2783,-15.8303
-5.2783,-15.8005
-5.2783,-15.7706
-5.2783,-15.7407
-5.2783,-15.7109
-5.2783,-15.6810
-5.2783,-15.6511
-5.2783,-15.6213
-5.2783,-15.5914
-5.2783,-15.5615
-5.2783,-15.5317
-5.2783,-15.5018
-5.2783,-15.4719
-5.2783,-15.4421
-5.2783,-15.4122
-5.2783,-15.3823
-5.2783,-15.3524
-5.2783,-15.3226
-5.2783,-15.2927
-5.2783,-15.2628
-5.2783,-15.2330
-5.2783,-15.2031
-5.2783,-15.1732
-5.2783,-15.1434
-5.2783,-15.1135
-5.2783,-15.0836
-5.2783,-15.0538
-5.2783,-15.0239
-5.2783,-14.9940
-5.2783,-14.9642
-5.2783,-14.9343
-5.2783,-14.9044
-5.2783,-14.8746
-5.2783,-14.8447
-5.2783,-14.8148
-5.2783,-14.7849
-5.2783,-14.7551
-5.2783,-14.7252
-5.2783,-14.6953
-5.2783,-14.6655
-5.2783,-14.6356
-5.2783,-14.6057
-5.2783,-14.5759
-5.2783,-14.5460
-5.2783,-14.5161
-5.2783,-14.4863
-5.2783,-14.4564
-5.2783,-14.4265
-5.2783,-14.3967
-5.2783,-14.3668
-5.2783,-14.3369
-5.2783,-14.3070
-5.2783,-14.2772
-5.2783,-14.2473
-5.2783,-14.2174
-5.2783,-14.1876
-5.2783,-14.1577
-5.2783,-14.1278
-5.2783,-14.0980
-5.2783,-14.0681
-5.2783,-14.0382
-5.2783,-14.0084
-5.2783,-13.9785
-5.2783,-13.9486
-5.2783,-13.9188
-5.2783,-13.8889
-5.2783,-13.8590
-5.2783,-13.8292
-5.2783,-13.7993
-5.2783,-13.7694
-5.2783,-13.7395
-5.2783,-13.7097
-5.2783,-13.6798
-5.2783,-13.6499
-5.2783,-13.6201
-5.2783,-13.5902
-5.2783,-13.5603
-5.2783,-13.5305
-5.2783,-13.5006
-5.2783,-13.4707
-5.2783,-13.4409
-5.2783,-13.4110
-5.2783,-13.3811
-5.2783,-13.3513
-5.2783,-13.3214
-5.2783,-13.2915
-5.2783,-13.2616
-5.2783,-13.2318
-5.2783,-13.2019
-5.2783,-13.1720
-5.2783,-13.1422
-5.2783,-13.1123
-5.2783,-13.0824
-5.2783,-13.0526
-5.2783,-13.0227
-5.2783,-12.9928
-5.2783,-12.9630
-5.2783,-12.9331
-5.2783,-12.9032
-5.2783,-12.8734
-5.2783,-12.8435
-5.2783,-12.8136
-5.2783,-12.7838
-5.2783,-12.7539
-5.2783,-12.7240
-5.2783,-12.6941
-5.2783,-12.6643
-5.2783,-12.6344
-5.2783,-12.6045
-5.2783,-12.5747
-5.2783,-12.5448
-5.2783,-12.5149
-5.2783,-12.4851
-5.2783,-12.4552
-5.2783,-12.4253
-5.2783,-12.3955
-5.2783,-12.3656
-5.2783,-12.3357
-5.2783,-12.3059
-5.2783,-12.2760
-5.2783,-12.2461
-5.2783,-12.2162
-5.2783,-12.1864
-5.2783,-12.1565
-5.2783,-12.1266
-5.2783,-12.0968
-5.2783,-12.0669
-5.2783,-12.0370
-5.2783,-12.0072
-5.2783,-11.9773
-5.2783,-11.9474
-5.2783,-11.9176
-5.2783,-11.8877
-5.2783,-11.8578
-5.2783,-11.8280
-5.2783,-11.7981
-5.2783,-11.7682
-5.2783,-11.7384
-5.2783,-11.7085
-5.2783,-11.6786
-5.2783,-11.6487
-5.2783,-11.6189
-5.2783,-11.5890
-5.2783,-11.5591
-5.2783,-11.5293
-5.2783,-11.4994
-5.2783,-11.4695
-5.2783,-11.4397
-5.2783,-11.4098
-5.2783,-11.3799
-5.2783,-11.3501
-5.2783,-11.3202
-5.2783,-11.2903
-5.2783,-11.2605
-5.2783,-11.2306
-5.2783,-11.2007
-5.2783,-11.1708
-5.2783,-11.1410
-5.2783,-11.1111
-5.2783,-11.0812
-5.2783,-11.0514
-5.2783,-11.0215
-5.3082,-10.9916
-5.3082,-10.9618
-5.3380,-10.9319
-5.3380,-10.9020
-5.3380,-10.8722
-5.3380,-10.8423
-5.3678,-10.8124
-5.3678,-10.7826
-5.3678,-10.7527
-5.3678,-10.7228
-5.3678,-10.6930
-5.3678,-10.6631
-5.3678,-10.6332
-5.3678,-10.6033
-5.3678,-10.5735
-5.3678,-10.5436
-5.3678,-10.5137
-5.3678,-10.4839
-5.3678,-10.4540
-5.3678,-10.4241
-5.3678,-10.3943
-5.3678,-10.3644
-5.3678,-10.3345
-5.3678,-10.3047
-5.3976,-10.2748
-5.3976,-10.2449
-5.3976,-10.2151
-5.3976,-10.1852
-5.3976,-10.1553
-5.4274,-10.1254
-5.4274,-10.0956
-5.4274,-10.0657
-5.4274,-10.0358
-5.4274,-10.0060
-5.4274,-9.9761
-5.4274,-9.9462
-5.4274,-9.9164
-5.4274,-9.8865
-5.4274,-9.8566
-5.4274,-9.8268
-5.4274,-9.7969
-5.4274,-9.7670
-5.4274,-9.7372
-5.4274,-9.7073
-5.4274,-9.6774
-5.4274,-9.6476
-5.4274,-9.6177
-5.4274,-9.5878
-5.4274,-9.5579
-5.4274,-9.5281
-5.4274,-9.4982
-5.4274,-9.4683
-5.4274,-9.4385
-5.4274,-9.4086
-5.4274,-9.3787
-5.4274,-9.3489
-5.4274,-9.3190
-5.4274,-9.2891
-5.4274,-9.2593
-5.4274,-9.2294
-5.4274,-9.1995
-5.4274,-9.1697
-5.4274,-9.1398
-5.4274,-9.1099
-5.4274,-9.0800
-5.4274,-9.0502
-5.4274,-9.0203
-5.4274,-8.9904
-5.4274,-8.9606
-5.4274,-8.9307
-5.4274,-8.9008
-5.4274,-8.8710
-5.4274,-8.8411
-5.4274,-8.8112
-5.4274,-8.7814
-5.4274,-8.7515
-5.4274,-8.7216
-5.4274,-8.6918
-5.4274,-8.6619
-5.4274,-8.6320
-5.4274,-8.6022
-5.4274,-8.5723
-5.4274,-8.5424
-5.4274,-8.5125
-5.4274,-8.4827
-5.4274,-8.4528
-5.4573,-8.4229
-5.4573,-8.3931
-5.4573,-8.3632
-5.4573,-8.3333
-5.4871,-8.3035
-5.4871,-8.2736
-5.4871,-8.2437
-5.4871,-8.2139
-5.4871,-8.1840
-5.4871,-8.1541
-5.4871,-8.1243
-5.4871,-8.0944
-5.5169,-8.0645
-5.5169,-8.0346
-5.5169,-8.0048
-5.5467,-7.9749
-5.5467,-7.9450
-5.5467,-7.9152
-5.5467,-7.8853
-5.5467,-7.8554
-5.5467,-7.8256
-5.5467,-7.7957
-5.5765,-7.7658
-5.5765,-7.7360
-5.6064,-7.7061
-5.6064,-7.6762
-5.6064,-7.6464
-5.6362,-7.6165
-5.6362,-7.5866
-5.6362,-7.5568
-5.6362,-7.5269
-5.6362,-7.4970
-5.6362,-7.4671
-5.6362,-7.4373
-5.6362,-7.4074
-5.6362,-7.3775
-5.6362,-7.3477
-5.6362,-7.3178
-5.6660,-7.2879
-5.6660,-7.2581
-5.6660,-7.2282
-5.6660,-7.1983
-5.6660,-7.1685
-5.6660,-7.1386
-5.6660,-7.1087
-5.6660,-7.0789
-5.6660,-7.0490
-5.6660,-7.0191
-5.6660,-6.9892
-5.6660,-6.9594
-5.6660,-6.9295
-5.6660,-6.8996
-5.6660,-6.8698
-5.6660,-6.8399
-5.6660,-6.8100
-5.6660,-6.7802
-5.6660,-6.7503
-5.6660,-6.7204
-5.6660,-6.6906
-5.6660,-6.6607
-5.6958,-6.6308
-5.6958,-6.6010
-5.6958,-6.5711
-5.6958,-6.5412
-5.6958,-6.5114
-5.7256,-6.4815
-5.7256,-6.4516
-5.7256,-6.4217
-5.7256,-6.3919
-5.7555,-6.3620
-5.7555,-6.3321
-5.7555,-6.3023
-5.7555,-6.2724
-5.7555,-6.2425
-5.7555,-6.2127
-5.7555,-6.1828
-5.7555,-6.1529
-5.7555,-6.1231
-5.7555,-6.0932
-5.7555,-6.0633
-5.7853,-6.0335
-5.7853,-6.0036
-5.7853,-5.9737
-5.7853,-5.9438
-5.7853,-5.9140
-5.7853,-5.8841
-5.7853,-5.8542
-5.8151,-5.8244
-5.8449,-5.7945
-5.8449,-5.7646
-5.8449,-5.7348
-5.8449,-5.7049
-5.8748,-5.6750
-5.8748,-5.6452
-5.8748,-5.6153
-5.8748,-5.5854
-5.8748,-5.5556
-5.8748,-5.5257
-5.8748,-5.4958
-5.8748,-5.4659
-5.8748,-5.4361
-5.8748,-5.4062
-5.8748,-5.3763
-5.8748,-5.3465
-5.8748,-5.3166
-5.8748,-5.2867
-5.8748,-5.2569
-5.8748,-5.2270
-5.8748,-5.1971
-5.8748,-5.1673
-5.8748,-5.1374
-5.8748,-5.1075
-5.8748,-5.0777
-5.8748,-5.0478
-5.8748,-5.0179
-5.8748,-4.9881
-5.8748,-4.9582
-5.8748,-4.9283
-5.8748,-4.8984
-5.8748,-4.8686
-5.8748,-4.8387
-5.8748,-4.8088
-5.8748,-4.7790
-5.8748,-4.7491
-5.8748,-4.7192
-5.8748,-4.6894
-5.8748,-4.6595
-5.8748,-4.6296
-5.8748,-4.5998
-5.8748,-4.5699
-5.8748,-4.5400
-5.8748,-4.5102
-5.8748,-4.4803
-5.8748,-4.4504
-5.8748,-4.4205
-5.8748,-4.3907
-5.8748,-4.3608
-5.8748,-4.3309
-5.8748,-4.3011
-5.8748,-4.2712
-5.8748,-4.2413
-5.8748,-4.2115
-5.8748,-4.1816
-5.8748,-4.1517
-5.8748,-4.1219
-5.8748,-4.0920
-5.8748,-4.0621
-5.8748,-4.0323
-5.8748,-4.0024
-5.8748,-3.9725
-5.8748,-3.9427
-5.8748,-3.9128
-5.8748,-3.8829
-5.8748,-3.8530
-5.8748,-3.8232
-5.8748,-3.7933
-5.8748,-3.7634
-5.8748,-3.7336
-5.8748,-3.7037
-5.8748,-3.6738
-5.8748,-3.6440
-5.9046,-3.6141
-5.9046,-3.5842
-5.9046,-3.5544
-5.9046,-3.5245
-5.9344,-3.4946
-5.9344,-3.4648
-5.9344,-3.4349
-5.9344,-3.4050
-5.9344,-3.3751
-5.9344,-3.3453
-5.9344,-3.3154
-5.9344,-3.2855
-5.9642,-3.2557
-5.9940,-3.2258
-5.9940,-3.1959
-5.9940,-3.1661
-6.0239,-3.1362
-6.0239,-3.1063
-6.0239,-3.0765
-6.0239,-3.0466
-6.0239,-3.0167
-6.0239,-2.9869
-6.0537,-2.9869
-6.0537,-2.9570
-6.0537,-2.9271
-6.0835,-2.8973
-6.0835,-2.8674
-6.1133,-2.8674
-6.1133,-2.8375
-6.1133,-2.8076
-6.1431,-2.7778
-6.1730,-2.7479
-6.1730,-2.7180
-6.2028,-2.6882
-6.2326,-2.6583
-6.2624,-2.6284
-6.2922,-2.6284
-6.2922,-2.5986
-6.3221,-2.5986
-6.3221,-2.5687
-6.3519,-2.5687
-6.3519,-2.5388
-6.3817,-2.5388
-6.4115,-2.5388
-6.4115,-2.5090
-6.4414,-2.5090
-6.4712,-2.4791
-6.5010,-2.4791
-6.5010,-2.4492
-6.5308,-2.4492
-6.5308,-2.4194
-6.5606,-2.3895
-6.5905,-2.3596
-6.6203,-2.3297
-6.6501,-2.2999
-6.6799,-2.2999
-6.6799,-2.2700
-6.7097,-2.2700
-6.7396,-2.2401
-6.7694,-2.2103
-6.7992,-2.1804
-6.8290,-2.1804
-6.8588,-2.1804
-6.8887,-2.1505
-6.9185,-2.1505
-6.9483,-2.1505
-6.9781,-2.1207
-7.0080,-2.1207
-7.0378,-2.1207
-7.0378,-2.0908
-7.0676,-2.0908
-7.0974,-2.0908
-7.0974,-2.0609
-7.1272,-2.0609
-7.1571,-2.0609
-7.1869,-2.0311
-7.2167,-2.0311
-7.2465,-2.0012
-7.2763,-2.0012
-7.2763,-1.9713
-7.3062,-1.9713
-7.3360,-1.9713
-7.3360,-1.9415
-7.3658,-1.9415
-7.3956,-1.9116
-7.4254,-1.9116
-7.4553,-1.9116
-7.4851,-1.9116
-7.5149,-1.8817
-7.5447,-1.8817
-7.5746,-1.8817
-7.6044,-1.8817
-7.6342,-1.8817
-7.6640,-1.8817
-7.6938,-1.8519
-7.7237,-1.8519
-7.7535,-1.8519
-7.7833,-1.8519
-7.8131,-1.8220
-7.8429,-1.8220
-7.8429,-1.7921
-7.8728,-1.7921
-7.9026,-1.7921
-7.9324,-1.7921
-7.9622,-1.7622
-7.9920,-1.7622
-8.0219,-1.7622
-8.0517,-1.7622
-8.0815,-1.7622
-8.1113,-1.7622
-8.1412,-1.7622
-8.1710,-1.7622
-8.2008,-1.7324
-8.2306,-1.7324
-8.2604,-1.7324
-8.2903,-1.7324
-8.3201,-1.7324
-8.3499,-1.7324
-8.3797,-1.7324
-8.4095,-1.7324
-8.4394,-1.7324
-8.4692,-1.7324
-8.4990,-1.7324
-8.5288,-1.7324
-8.5586,-1.7324
-8.5885,-1.7324
-8.6183,-1.7324
-8.6481,-1.7324
-8.6779,-1.7324
-8.7078,-1.7324
-8.7376,-1.7324
-8.7674,-1.7324
-8.7972,-1.7324
-8.8270,-1.7025
-8.8569,-1.7025
-8.8867,-1.6726
-8.9165,-1.6726
-8.9463,-1.6726
-8.9761,-1.6726
-9.0060,-1.6428
-9.0358,-1.6428
-9.0656,-1.6428
-9.0954,-1.6428
-9.1252,-1.6428
-9.1551,-1.6428
-9.1849,-1.6428
-9.2147,-1.6428
-9.2445,-1.6428
-9.2744,-1.6428
-9.3042,-1.6428
-9.3340,-1.6428
-9.3638,-1.6428
-9.3936,-1.6428
-9.4235,-1.6428
-9.4533,-1.6428
-9.4831,-1.6428
-9.5129,-1.6428
-9.5427,-1.6428
-9.5726,-1.6428
-9.6024,-1.6428
-9.6322,-1.6428
-9.6620,-1.6428
-9.6918,-1.6428
-9.7217,-1.6428
-9.7515,-1.6428
-9.7813,-1.6428
-9.8111,-1.6428
-9.8410,-1.6428
-9.8708,-1.6428
-9.9006,-1.6428
-9.9304,-1.6428
-9.9602,-1.6428
-9.9901,-1.6428
-10.0199,-1.6428
-10.0497,-1.6428
-10.0795,-1.6428
-10.1093,-1.6428
-10.1392,-1.6428
-10.1690,-1.6428
-10.1988,-1.6428
-10.2286,-1.6428
-10.2584,-1.6428
-10.2883,-1.6428
-10.3181,-1.6428
-10.3479,-1.6428
-10.3777,-1.6428
-10.4076,-1.6428
-10.4374,-1.6428
-10.4672,-1.6428
-10.4970,-1.6428
-10.5268,-1.6428
-10.5567,-1.6428
-10.5865,-1.6428
-10.6163,-1.6428
-10.6461,-1.6428
-10.6759,-1.6428
-10.7058,-1.6428
-10.7356,-1.6428
-10.7654,-1.6428
-10.7952,-1.6428
-10.8250,-1.6428
-10.8549,-1.6428
-10.8847,-1.6428
-10.9145,-1.6428
-10.9443,-1.6428
-10.9742,-1.6428
-11.0040,-1.6428
-11.0338,-1.6428
-11.0636,-1.6428
-11.0934,-1.6428
-11.1233,-1.6428
-11.1531,-1.6428
-11.1829,-1.6428
-11.2127,-1.6428
-11.2425,-1.6428
-11.2724,-1.6428
-11.3022,-1.6428
-11.3320,-1.6428
-11.3618,-1.6428
-11.3917,-1.6428
-11.4215,-1.6428
-11.4513,-1.6428
-11.4811,-1.6428
-11.5109,-1.6129
-11.5408,-1.6129
-11.5706,-1.6129
-11.6004,-1.6129
-11.6302,-1.5830
-11.6600,-1.5830
-11.6899,-1.5830
-11.7197,-1.5830
-11.7495,-1.5830
-11.7793,-1.5830
-11.8091,-1.5830
-11.8390,-1.5830
-11.8688,-1.5830
-11.8986,-1.5532
-11.9284,-1.5233
-11.9583,-1.5233
-11.9881,-1.5233
-12.0179,-1.4934
-12.0477,-1.4934
-12.0775,-1.4934
-12.1074,-1.4934
-12.1372,-1.4934
-12.1670,-1.4934
-12.1968,-1.4934
-12.2266,-1.4934
-12.2565,-1.4934
-12.2863,-1.4636
-12.3161,-1.4636
-12.3459,-1.4337
-12.3757,-1.4337
-12.4056,-1.4337
-12.4354,-1.4337
-12.4354,-1.4038
-12.4652,-1.4038
-12.4950,-1.4038
-12.5249,-1.3740
-12.5547,-1.3740
-12.5845,-1.3740
-12.6143,-1.3740
-12.6441,-1.3740
-12.6740,-1.3740
-12.7038,-1.3441
-12.7336,-1.3441
-12.7634,-1.3441
-12.7932,-1.3441
-12.8231,-1.3142
-12.8529,-1.2843
-12.8827,-1.2843
-12.8827,-1.2545
-12.9125,-1.2545
-12.9423,-1.2246
-12.9722,-1.1947
-12.9722,-1.1649
-13.0020,-1.1649
-13.0318,-1.1649
-13.0616,-1.1350
-13.0915,-1.1350
-13.0915,-1.1051
-13.1213,-1.1051
-13.1213,-1.0753
-13.1511,-1.0454
-13.1809,-1.0155
-13.1809,-0.9857
-13.2107,-0.9558
-13.2406,-0.9558
-13.2406,-0.9259
-13.2704,-0.9259
-13.2704,-0.8961
-13.3002,-0.8662
-13.3002,-0.8363
-13.3300,-0.8065
-13.3598,-0.7766
-13.3897,-0.7467
-13.3897,-0.7168
-13.3897,-0.6870
-13.3897,-0.6571
-13.4195,-0.6571
-13.4195,-0.6272
-13.4195,-0.5974
-13.4195,-0.5675
-13.4493,-0.5675
-13.4493,-0.5376
-13.4493,-0.5078
-13.4791,-0.4779
-13.4791,-0.4480
-13.5089,-0.4182
-13.5089,-0.3883
-13.5089,-0.3584
-13.5388,-0.3286
-13.5388,-0.2987
-13.5388,-0.2688
-13.5686,-0.2688
-13.5686,-0.2389
-13.5686,-0.2091
-13.5984,-0.1792
-13.5984,-0.1493
-13.6282,-0.1493
-13.6282,-0.1195
-13.6282,-0.0896
-13.6282,-0.0597
-13.6581,-0.0597
-13.6581,-0.0299
-13.6581,0.0000
-13.6879,0.0299
-13.7177,0.0597
-13.7475,0.0896
-13.7475,0.1195
-13.7773,0.1493
-13.7773,0.1792
-13.7773,0.2091
-13.8072,0.2389
-13.8072,0.2688
-13.8072,0.2987
-13.8072,0.3286
-13.8072,0.3584
-13.8072,0.3883
-13.8072,0.4182
-13.8072,0.4480
-13.8072,0.4779
-13.8072,0.5078
-13.8072,0.5376
-13.8072,0.5675
-13.8072,0.5974
-13.8072,0.6272
-13.8072,0.6571
-13.7773,0.6870
-13.7773,0.7168
-13.7773,0.7467
-13.7773,0.7766
-13.7475,0.8065
-13.7475,0.8363
-13.7177,0.8662
-13.7177,0.8961
-13.6879,0.9259
-13.6879,0.9558
-13.6879,0.9857
-13.6581,1.0155
-13.6581,1.0454
-13.6581,1.0753
-13.6282,1.1051
-13.6282,1.1350
-13.6282,1.1649
-13.5984,1.1947
-13.5984,1.2246
-13.5686,1.2545
-13.5686,1.2843
-13.5686,1.3142
-13.5388,1.3142
-13.5388,1.3441
-13.5388,1.3740
-13.5388,1.4038
-13.5089,1.4337
-13.5089,1.4636
-13.4791,1.4636
-13.4791,1.4934
-13.4493,1.5233
-13.4493,1.5532
-13.4195,1.5532
-13.4195,1.5830
-13.4195,1.6129
-13.4195,1.6428
-13.3897,1.6428
-13.3897,1.6726
-13.3598,1.6726
-13.3598,1.7025
-13.3300,1.7025
-13.3300,1.7324
-13.3002,1.7622
-13.2704,1.7921
-13.2406,1.8220
-13.2107,1.8519
-13.1809,1.8817
-13.1809,1.9116
-13.1511,1.9116
-13.1511,1.9415
-13.1213,1.9713
-13.1213,2.0012
-13.0915,2.0012
-13.0915,2.0311
-13.0915,2.0609
-13.0616,2.0609
-13.0616,2.0908
-13.0318,2.0908
-13.0318,2.1207
-13.0020,2.1207
-13.0020,2.1505
-12.9722,2.1505
-12.9722,2.1804
-12.9423,2.1804
-12.9125,2.2103
-12.8827,2.2103
-12.8827,2.2401
-12.8529,2.2401
-12.8231,2.2700
-12.7932,2.2999
-12.7634,2.3297
-12.7336,2.3596
-12.7038,2.3895
-12.6740,2.4194
-12.6441,2.4194
-12.6143,2.4492
-12.5845,2.4791
-12.5547,2.4791
-12.5547,2.5090
-12.5249,2.5090
-12.5249,2.5388
-12.4950,2.5388
-12.4950,2.5687
-12.4652,2.5687
-12.4652,2.5986
-12.4354,2.5986
-12.4354,2.6284
-12.4056,2.6284
-12.4056,2.6583
-12.3757,2.6583
-12.3757,2.6882
-12.3459,2.6882
-12.3161,2.7180
-12.2863,2.7479
-12.2565,2.7479
-12.2565,2.7778
-12.2266,2.7778
-12.1968,2.8076
-12.1670,2.8076
-12.1670,2.8375
-12.1372,2.8375
-12.1074,2.8674
-12.0775,2.8674
-12.0775,2.8973
-12.0477,2.8973
-12.0477,2.9271
-12.0179,2.9271
-12.0179,2.9570
-11.9881,2.9570
-11.9583,2.9869
-11.9284,2.9869
-11.8986,3.0167
-11.8688,3.0466
-11.8390,3.0466
-11.8091,3.0765
-11.7793,3.0765
-11.7793,3.1063
-11.7495,3.1063
-11.7495,3.1362
-11.7197,3.1362
-11.6899,3.1661
-11.6600,3.1661
-11.6302,3.1959
-11.6004,3.1959
-11.5706,3.2258
-11.5408,3.2258
-11.5109,3.2258
-11.4811,3.2258
-11.4513,3.2557
-11.4215,3.2557
-11.3917,3.2557
-11.3618,3.2557
-11.3320,3.2855
-11.3022,3.2855
-11.2724,3.2855
-11.2425,3.2855
-11.2127,3.2855
-11.1829,3.2855
-11.1531,3.3154
-11.1233,3.3154
-11.1233,3.3453
-11.0934,3.3453
-11.0636,3.3453
-11.0338,3.3453
-11.0040,3.3751
-10.9742,3.3751
-10.9443,3.3751
-10.9145,3.3751
-10.8847,3.4050
-10.8549,3.4050
-10.8250,3.4050
-10.7952,3.4050
-10.7654,3.4349
-10.7356,3.4349
-10.7058,3.4349
-10.6759,3.4349
-10.6461,3.4349
-10.6163,3.4349
-10.5865,3.4349
-10.5567,3.4648
-10.5268,3.4648
-10.4970,3.4648
-10.4672,3.4648
-10.4374,3.4946
-10.4076,3.4946
-10.3777,3.4946
-10.3479,3.4946
-10.3181,3.4946
-10.2883,3.5245
-10.2584,3.5245
-10.2286,3.5245
-10.1988,3.5245
-10.1690,3.5544
-10.1392,3.5544
-10.1093,3.5544
-10.0795,3.5544
-10.0497,3.5544
-10.0199,3.5544
-9.9901,3.5544
-9.9602,3.5544
-9.9304,3.5544
-9.9006,3.5544
-9.8708,3.5544
-9.8410,3.5544
-9.8111,3.5544
-9.7813,3.5544
-9.7515,3.5544
-9.7217,3.5544
-9.6918,3.5544
-9.6620,3.5544
-9.6322,3.5544
-9.6024,3.5544
-9.5726,3.5544
-9.5427,3.5544
-9.5129,3.5544
-9.4831,3.5544
-9.4533,3.5544
-9.4235,3.5544
-9.3936,3.5544
-9.3638,3.5544
-9.3340,3.5544
-9.3042,3.5544
-9.2744,3.5544
-9.2445,3.5544
-9.2147,3.5544
-9.1849,3.5544
-9.1551,3.5544
-9.1252,3.5544
-9.0954,3.5544
-9.0656,3.5544
-9.0358,3.5544
-9.0060,3.5544
-8.9761,3.5544
-8.9463,3.5544
-8.9165,3.5544
-8.8867,3.5544
-8.8569,3.5544
-8.8270,3.5544
-8.7972,3.5544
-8.7674,3.5544
-8.7376,3.5544
-8.7078,3.5544
-8.6779,3.5544
-8.6481,3.5544
-8.6183,3.5544
-8.5885,3.5544
-8.5586,3.5544
-8.5288,3.5544
-8.4990,3.5544
-8.4692,3.5544
-8.4394,3.5544
-8.4095,3.5544
-8.3797,3.5544
-8.3499,3.5544
-8.3201,3.5842
-8.2903,3.5842
-8.2604,3.5842
-8.2306,3.5842
-8.2008,3.5842
-8.1710,3.5842
-8.1412,3.5842
-8.1113,3.5842
-8.0815,3.5842
-8.0517,3.5842
-8.0219,3.5842
-7.9920,3.5842
-7.9622,3.5842
-7.9324,3.5842
-7.9026,3.5842
-7.8728,3.5842
-7.8429,3.5842
-7.8131,3.5842
-7.7833,3.5842
-7.7535,3.5842
-7.7237,3.5842
-7.6938,3.5842
-7.6640,3.5842
-7.6342,3.5842
-7.6044,3.5842
-7.5746,3.5842
-7.5447,3.5842
-7.5149,3.5842
-7.4851,3.5842
-7.4553,3.5842
-7.4254,3.5842
-7.3956,3.5842
-7.3658,3.5842
-7.3360,3.5842
-7.3062,3.5842
-7.2763,3.5842
-7.2465,3.5842
-7.2167,3.5842
-7.1869,3.5842
-7.1571,3.5842
-7.1272,3.5842
-7.0974,3.5842
-7.0676,3.5842
-7.0378,3.5842
-7.0080,3.5842
-6.9781,3.5842
-6.9483,3.5842
-6.9185,3.5842
-6.8887,3.5842
-6.8588,3.5842
-6.8290,3.5842
-6.7992,3.5842
-6.7694,3.5842
-6.7396,3.5842
-6.7097,3.5842
-6.6799,3.5842
-6.6501,3.5842
-6.6203,3.5842
-6.5905,3.5842
-6.5606,3.5842
-6.5308,3.5842
-6.5010,3.5842
-6.4712,3.5842
-6.4414,3.5842
-6.4115,3.5842
-6.3817,3.5842
-6.3519,3.5842
-6.3221,3.5842
-6.2922,3.5842
-6.2624,3.5842
-6.2326,3.5842
-6.2028,3.5842
-6.1730,3.5842
-6.1431,3.5842
-6.1133,3.5842
-6.0835,3.5842
-6.0537,3.5842
-6.0239,3.5842
-5.9940,3.5842
-5.9642,3.5842
-5.9344,3.5842
-5.9046,3.5842
-5.8748,3.5842
-5.8449,3.5842
-5.8151,3.5842
-5.7853,3.5842
-5.7555,3.5842
-5.7256,3.5842
-5.6958,3.5842
-5.6660,3.5842
-5.6362,3.5842
-5.6064,3.5842
-5.5765,3.5842
-5.5467,3.5842
-5.5169,3.5842
-5.4871,3.5842
-5.4573,3.5842
-5.4274,3.5842
-5.3976,3.5842
-5.3678,3.5842
-5.3380,3.5842
-5.3082,3.5842
-5.2783,3.5842
-5.2485,3.5842
-5.2187,3.5842
-5.1889,3.5842
-5.1590,3.5842
-5.1292,3.5842
-5.0994,3.5842
-5.0696,3.5842
-5.0398,3.5842
-5.0099,3.5842
-4.9801,3.5842
-4.9503,3.5842
-4.9205,3.5842
-4.8907,3.5842
-4.8608,3.5842
-4.8310,3.5842
-4.8012,3.5842
-4.7714,3.5842
-4.7416,3.5842
-4.7117,3.5842
-4.6819,3.5842
-4.6521,3.5842
-4.6223,3.5842
-4.5924,3.5842
-4.5626,3.5842
-4.5328,3.5842
-4.5030,3.5842
-4.4732,3.5842
-4.4433,3.5842
-4.4135,3.5842
-4.3837,3.5842
-4.3539,3.5842
-4.3241,3.5842
-4.2942,3.5842
-4.2644,3.5842
-4.2346,3.5842
-4.2048,3.5842
-4.1750,3.5842
-4.1451,3.5842
-4.1153,3.5842
-4.0855,3.5842
-4.0557,3.5842
-4.0258,3.5842
-3.9960,3.5842
-3.9662,3.5842
-3.9364,3.5842
-3.9066,3.5842
-3.8767,3.5842
-3.8469,3.5842
-3.8171,3.5842
-3.7873,3.5842
-3.7575,3.5842
-3.7276,3.5842
-3.6978,3.5842
-3.6680,3.5842
-3.6382,3.5842
-3.6083,3.5842
-3.5785,3.5842
-3.5487,3.5842
-3.5189,3.5842
-3.4891,3.5842
-3.4592,3.5842
-3.4294,3.5842
-3.3996,3.5842
-3.3698,3.5842
-3.3400,3.5842
-3.3101,3.5842
-3.2803,3.5842
-3.2505,3.5842
-3.2207,3.5842
-3.1909,3.5842
-3.1610,3.5842
-3.1312,3.5842
-3.1014,3.5842
-3.0716,3.5842
-3.0417,3.5842
-3.0119,3.5842
-2.9821,3.5842
-2.9523,3.5842
-2.9225,3.5842
-2.8926,3.5842
-2.8628,3.5842
-2.8330,3.5842
-2.8032,3.5842
-2.7734,3.5842
-2.7435,3.5842
-2.7137,3.5842
-2.6839,3.5842
-2.6541,3.5842
-2.6243,3.5842
-2.5944,3.5842
-2.5646,3.5842
-2.5348,3.5842
-2.5050,3.5544
-2.4751,3.5544
-2.4453,3.5544
-2.4155,3.5544
-2.3857,3.5544
-2.3559,3.5544
-2.3260,3.5544
-2.2962,3.5245
-2.2664,3.5245
-2.2366,3.5245
-2.2068,3.5245
-2.1769,3.4946
-2.1471,3.4946
-2.1173,3.4946
-2.0875,3.4946
-2.0577,3.4946
-2.0278,3.4946
-1.9980,3.4946
-1.9682,3.4946
-1.9384,3.4946
-1.9085,3.4946
-1.8787,3.4946
-1.8489,3.4946
-1.8191,3.4946
-1.7893,3.4946
-1.7594,3.4946
-1.7296,3.4946
-1.6998,3.4946
-1.6700,3.4946
-1.6402,3.4946
-1.6103,3.4946
-1.5805,3.4946
-1.5507,3.4946
-1.5209,3.4946
-1.4911,3.4946
-1.4612,3.4946
-1.4314,3.4946
-1.4016,3.4946
-1.3718,3.4946
-1.3419,3.4946
-1.3121,3.4946
-1.2823,3.4946
-1.2525,3.4946
-1.2227,3.4648
-1.1928,3.4648
-1.1630,3.4648
-1.1332,3.4648
-1.1034,3.4648
-1.0736,3.4648
-1.0437,3.4349
-1.0139,3.4349
-0.9841,3.4349
-0.9543,3.4050
-0.9245,3.4050
-0.8946,3.4050
-0.8648,3.4050
-0.8350,3.3751
-0.8052,3.3751
-0.7753,3.3751
-0.7455,3.3751
-0.7157,3.3751
-0.6859,3.3751
-0.6561,3.3751
-0.6262,3.3751
-0.5964,3.3751
-0.5666,3.3453
-0.5368,3.3453
-0.5070,3.3453
-0.4771,3.3453
-0.4473,3.3453
-0.4175,3.3154
-0.3877,3.3154
-0.3579,3.3154
-0.3280,3.3154
-0.2982,3.3154
-0.2684,3.3154
-0.2386,3.2855
-0.2087,3.2855
-0.1789,3.2855
-0.1491,3.2557
-0.1193,3.2557
-0.0895,3.2557
-0.0596,3.2557
-0.0298,3.2258
0.0000,3.2258
0.0298,3.2258
0.0596,3.1959
0.0895,3.1959
0.1193,3.1959
0.1491,3.1661
0.1789,3.1661
0.2087,3.1661
0.2386,3.1661
0.2684,3.1661
0.2982,3.1661
0.3280,3.1661
0.3579,3.1661
0.3877,3.1661
0.4175,3.1959
0.4473,3.2258
0.4771,3.2258
0.5070,3.2557
0.5368,3.2557
0.5666,3.2557
0.5964,3.2557
0.6262,3.2855
0.6561,3.2855
0.6859,3.3154
0.7157,3.3154
0.7455,3.3154
0.7753,3.3154
0.8052,3.3154
0.8350,3.3154
0.8648,3.3154
0.8946,3.3154
0.9245,3.3154
0.9543,3.3154
0.9841,3.3154
1.0139,3.3154
1.0437,3.3154
1.0736,3.3154
1.1034,3.3154
1.1332,3.3154
1.1630,3.3154
1.1928,3.3154
1.2227,3.3154
1.2525,3.3154
1.2823,3.3453
1.3121,3.3453
1.3419,3.3453
1.3718,3.3751
1.4016,3.4050
1.4314,3.4050
1.4314,3.4349
1.4612,3.4349
1.4911,3.4349
1.5209,3.4349
1.5507,3.4349
1.5805,3.4648
1.6103,3.4648
1.6402,3.4648
1.6700,3.4648
1.6998,3.4648
1.7296,3.4946
1.7594,3.4946
1.7893,3.5245
1.8191,3.5245
1.8489,3.5245
1.8489,3.5544
1.8787,3.5544
1.9085,3.5544
1.9384,3.5544
1.9682,3.5544
1.9980,3.5842
2.0278,3.6141
2.0577,3.6141
2.0875,3.6141
2.1173,3.6440
2.1471,3.6738
2.1769,3.7037
2.2068,3.7336
2.2366,3.7336
2.2664,3.7634
2.2962,3.7634
2.2962,3.7933
2.3260,3.7933
2.3559,3.8232
2.3857,3.8530
2.4155,3.8829
2.4453,3.8829
2.4453,3.9128
2.4751,3.9128
2.4751,3.9427
2.5050,3.9427
2.5050,3.9725
2.5348,3.9725
2.5348,4.0024
2.5646,4.0024
2.5646,4.0323
2.5944,4.0323
2.5944,4.0621
2.6243,4.0920
2.6541,4.1219
2.6839,4.1517
2.7137,4.1816
2.7137,4.2115
2.7435,4.2413
2.7435,4.2712
2.7734,4.3011
2.7734,4.3309
2.8032,4.3608
2.8032,4.3907
2.8330,4.4205
2.8330,4.4504
2.8330,4.4803
2.8330,4.5102
2.8330,4.5400
2.8330,4.5699
2.8330,4.5998
2.8330,4.6296
2.8330,4.6595
2.8330,4.6894
2.8330,4.7192
2.8330,4.7491
2.8330,4.7790
2.8330,4.8088
2.8330,4.8387
2.8330,4.8686
2.8330,4.8984
2.8330,4.9283
2.8330,4.9582
2.8330,4.9881
2.8330,5.0179
2.8330,5.0478
2.8330,5.0777
2.8330,5.1075
2.8330,5.1374
2.8330,5.1673
2.8330,5.1971
2.8330,5.2270
2.8032,5.2569
2.8032,5.2867
2.8032,5.3166
2.8032,5.3465
2.7734,5.3763
2.7734,5.4062
2.7734,5.4361
2.7734,5.4659
2.7435,5.4958
2.7435,5.5257
2.7137,5.5257
2.7137,5.5556
2.6839,5.5556
2.6839,5.5854
2.6541,5.5854
2.6541,5.6153
2.6243,5.6153
2.6243,5.6452
2.6243,5.6750
2.5944,5.7049
2.5944,5.7348
2.5646,5.7646
2.5348,5.7945
2.5050,5.8244
2.4751,5.8542
2.4453,5.8841
2.4453,5.9140
2.4155,5.9140
2.4155,5.9438
2.3857,5.9438
2.3857,5.9737
2.3559,5.9737
2.3559,6.0036
2.3260,6.0036
2.3260,6.0335
2.2962,6.0335
2.2664,6.0335
2.2664,6.0633
2.2366,6.0633
2.2366,6.0932
2.2068,6.0932
2.2068,6.1231
2.1769,6.1231
2.1769,6.1529
2.1471,6.1828
2.1471,6.2127
2.1173,6.2127
2.0875,6.2425
2.0577,6.2425
2.0278,6.2425
1.9980,6.2724
1.9682,6.2724
1.9384,6.3023
1.9085,6.3023
1.8787,6.3321
1.8489,6.3321
1.8191,6.3620
1.7893,6.3919
1.7594,6.3919
1.7296,6.4217
1.6998,6.4217
1.6700,6.4516
1.6402,6.4516
1.6103,6.4516
1.5805,6.4815
1.5507,6.4815
1.5209,6.4815
1.5209,6.5114
1.4911,6.5114
1.4612,6.5114
1.4314,6.5412
1.4016,6.5412
1.3718,6.5412
1.3718,6.5711
1.3419,6.5711
1.3121,6.5711
1.2823,6.5711
1.2525,6.6010
1.2227,6.6010
1.1928,6.6010
1.1630,6.6010
1.1332,6.6010
1.1034,6.6308
1.0736,6.6308
1.0437,6.6308
1.0139,6.6308
0.9841,6.6308
0.9543,6.6308
0.9245,6.6308
0.8946,6.6308
0.8648,6.6308
0.8350,6.6308
0.8052,6.6308
0.7753,6.6308
0.7455,6.6308
0.7157,6.6308
0.6859,6.6308
0.6561,6.6308
0.6262,6.6308
0.5964,6.6308
0.5666,6.6308
0.5368,6.6308
0.5070,6.6308
0.4771,6.6308
0.4473,6.6308
0.4175,6.6308
0.3877,6.6308
0.3579,6.6308
0.3280,6.6308
0.2982,6.6308
0.2684,6.6308
0.2386,6.6308
0.2087,6.6308
0.1789,6.6308
0.1491,6.6308
0.1193,6.6308
0.0895,6.6308
0.0596,6.6308
0.0298,6.6308
0.0000,6.6308
-0.0298,6.6308
-0.0596,6.6308
-0.0895,6.6308
-0.1193,6.6308
-0.1491,6.6308
-0.1789,6.6308
-0.2087,6.6308
-0.2386,6.6308
-0.2684,6.6308
-0.2982,6.6308
-0.3280,6.6308
-0.3579,6.6308
-0.3877,6.6308
-0.4175,6.6308
-0.4473,6.6308
-0.4771,6.6308
-0.5070,6.6308
-0.5368,6.6308
-0.5666,6.6308
-0.5964,6.6308
-0.6262,6.6308
-0.6561,6.6308
-0.6859,6.6308
-0.7157,6.6308
-0.7455,6.6308
-0.7753,6.6308
-0.8052,6.6308
-0.8350,6.6308
-0.8648,6.6308
-0.8946,6.6308
-0.9245,6.6308
-0.9543,6.6308
-0.9841,6.6308
-1.0139,6.6308
-1.0437,6.6308
-1.0736,6.6308
-1.1034,6.6308
-1.1332,6.6308
-1.1630,6.6308
-1.1928,6.6308
-1.2227,6.6308
-1.2525,6.6308
-1.2823,6.6308
-1.3121,6.6308
-1.3419,6.6308
-1.3718,6.6308
-1.4016,6.6308
-1.4314,6.6308
-1.4612,6.6308
-1.4911,6.6308
-1.5209,6.6308
-1.5507,6.6308
-1.5805,6.6308
-1.6103,6.6308
-1.6402,6.6308
-1.6700,6.6308
-1.6998,6.6308
-1.7296,6.6308
-1.7594,6.6308
-1.7893,6.6308
-1.8191,6.6010
-1.8489,6.6010
-1.8787,6.6010
-1.9085,6.6010
-1.9085,6.5711
-1.9384,6.5711
-1.9682,6.5711
-1.9980,6.5711
-2.0278,6.5711
-2.0577,6.5711
-2.0875,6.5711
-2.1173,6.5711
-2.1471,6.5711
-2.1769,6.5711
-2.2068,6.5711
-2.2366,6.5711
-2.2664,6.5412
-2.2962,6.5412
-2.3260,6.5412
-2.3559,6.5114
-2.3857,6.5114
-2.4155,6.5114
-2.4453,6.5114
-2.4751,6.5114
-2.5050,6.5114
-2.5348,6.5114
-2.5646,6.4815
-2.5944,6.4815
-2.6243,6.4815
-2.6541,6.4815
-2.6839,6.4815
-2.7137,6.4516
-2.7435,6.4516
-2.7734,6.4516
-2.8032,6.4516
-2.8330,6.4516
-2.8628,6.4217
-2.8926,6.4217
-2.9225,6.4217
-2.9523,6.4217
-2.9821,6.4217
-3.0119,6.3919
-3.0417,6.3919
-3.0716,6.3919
-3.1014,6.3620
-3.1312,6.3620
-3.1610,6.3620
-3.1909,6.3620
-3.2207,6.3321
-3.2505,6.3321
-3.2803,6.3023
-3.3101,6.3023
-3.3400,6.3023
-3.3698,6.3023
-3.3996,6.3023
-3.4294,6.3023
-3.4592,6.3023
-3.4891,6.3023
-3.5189,6.3023
-3.5487,6.3023
-3.5785,6.3023
-3.6083,6.3023
-3.6382,6.2724
-3.6680,6.2724
-3.6978,6.2724
-3.7276,6.2724
-3.7575,6.2425
-3.7873,6.2425
-3.8171,6.2425
-3.8469,6.2425
-3.8469,6.2127
-3.8767,6.2127
-3.9066,6.2127
-3.9364,6.2127
-3.9662,6.2127
-3.9960,6.2127
-4.0258,6.2127
-4.0557,6.2127
-4.0557,6.1828
-4.0855,6.1828
-4.1153,6.1828
-4.1451,6.1828
-4.1750,6.1828
-4.2048,6.1828
-4.2346,6.1828
-4.2644,6.1828
-4.2942,6.1828
-4.3241,6.1529
-4.3539,6.1529
-4.3837,6.1529
-4.4135,6.1529
-4.4433,6.1231
-4.4732,6.1231
-4.5030,6.0932
-4.5328,6.0932
-4.5626,6.0633
-4.5924,6.0633
-4.6223,6.0335
-4.6521,6.0335
-4.6819,6.0335
-4.7117,6.0335
-4.7416,6.0335
-4.7714,6.0335
-4.8012,6.0335
-4.8310,6.0036
-4.8608,6.0036
-4.8907,6.0036
-4.9205,6.0036
-4.9503,6.0036
-4.9801,6.0036
-5.0099,6.0036
-5.0398,5.9737
-5.0696,5.9737
-5.0994,5.9737
-5.1292,5.9737
-5.1590,5.9737
-5.1889,5.9438
-5.2187,5.9438
-5.2485,5.9438
-5.2783,5.9438
-5.3082,5.9140
-5.3380,5.9140
-5.3678,5.9140
-5.3976,5.9140
-5.4274,5.9140
-5.4573,5.8841
-5.4871,5.8841
-5.5169,5.8841
-5.5467,5.8841
-5.5765,5.8542
-5.6064,5.8542
-5.6362,5.8542
-5.6660,5.8542
-5.6958,5.8542
-5.7256,5.8244
-5.7555,5.8244
-5.7853,5.8244
-5.8151,5.8244
-5.8449,5.8244
-5.8748,5.7945
-5.9046,5.7945
-5.9344,5.7945
-5.9642,5.7945
-5.9940,5.7945
-6.0239,5.7945
-6.0537,5.7945
-6.0835,5.7945
-6.1133,5.7945
-6.1431,5.7945
-6.1730,5.7945
-6.2028,5.7945
-6.2326,5.7945
-6.2624,5.7945
-6.2922,5.7945
-6.3221,5.7945
-6.3519,5.7945
-6.3817,5.7945
-6.4115,5.7945
-6.4414,5.7945
-6.4712,5.7945
-6.5010,5.7945
-6.5308,5.7945
-6.5606,5.7945
-6.5905,5.7945
-6.6203,5.7945
-6.6501,5.7945
-6.6799,5.7945
-6.7097,5.7945
-6.7396,5.7945
-6.7694,5.7945
-6.7992,5.7945
-6.8290,5.7945
-6.8588,5.7945
-6.8887,5.7945
-6.9185,5.7945
-6.9483,5.7945
-6.9781,5.7945
-7.0080,5.7945
-7.0378,5.7945
-7.0676,5.7945
-7.0974,5.7945
-7.1272,5.7945
-7.1571,5.7945
-7.1869,5.7945
-7.2167,5.7945
-7.2465,5.8244
-7.2763,5.8244
-7.3062,5.8244
-7.3360,5.8542
-7.3658,5.8542
-7.3956,5.8542
-7.4254,5.8542
-7.4553,5.8542
-7.4851,5.8542
-7.5149,5.8542
-7.5447,5.8542
-7.5746,5.8841
-7.6044,5.8841
-7.6342,5.9140
-7.6640,5.9140
-7.6938,5.9438
-7.7237,5.9438
-7.7237,5.9737
-7.7535,5.9737
-7.7833,5.9737
-7.8131,5.9737
-7.8429,6.0036
-7.8728,6.0036
-7.9026,6.0036
-7.9324,6.0036
-7.9622,6.0335
-7.9920,6.0335
-8.0219,6.0633
-8.0517,6.0932
-8.0815,6.1231
-8.1113,6.1231
-8.1412,6.1529
-8.1710,6.1828
-8.2008,6.2127
-8.2306,6.2127
-8.2604,6.2127
-8.2903,6.2127
-8.2903,6.2425
-8.3201,6.2425
-8.3499,6.2724
-8.3797,6.3023
-8.4095,6.3321
-8.4394,6.3321
-8.4394,6.3620
-8.4692,6.3620
-8.4692,6.3919
-8.4990,6.4217
-8.4990,6.4516
-8.5288,6.4815
-8.5586,6.5114
-8.5586,6.5412
-8.5885,6.5412
-8.6183,6.5711
-8.6481,6.5711
-8.6481,6.6010
-8.6779,6.6010
-8.6779,6.6308
-8.7078,6.6607
-8.7078,6.6906
-8.7376,6.7204
-8.7376,6.7503
-8.7674,6.7503
-8.7674,6.7802
-8.7972,6.8100
-8.7972,6.8399
-8.8270,6.8698
-8.8569,6.8996
-8.8867,6.9295
-8.8867,6.9594
-8.8867,6.9892
-8.9165,6.9892
-8.9165,7.0191
-8.9463,7.0490
-8.9463,7.0789
-8.9463,7.1087
-8.9761,7.1087
-8.9761,7.1386
-9.0060,7.1685
-9.0060,7.1983
-9.0060,7.2282
-9.0358,7.2581
-9.0358,7.2879
-9.0656,7.3178
-9.0656,7.3477
-9.0656,7.3775
-9.0656,7.4074
-9.0954,7.4373
-9.0954,7.4671
-9.1252,7.4671
-9.1252,7.4970
-9.1252,7.5269
-9.1252,7.5568
-9.1252,7.5866
-9.1252,7.6165
-9.1252,7.6464
-9.1252,7.6762
-9.1252,7.7061
-9.1252,7.7360
-9.1252,7.7658
-9.1252,7.7957
-9.1252,7.8256
-9.1252,7.8554
-9.1252,7.8853
-9.1252,7.9152
-9.1252,7.9450
-9.1252,7.9749
-9.1252,8.0048
-9.1252,8.0346
-9.1252,8.0645
-9.1252,8.0944
-9.1252,8.1243
-9.1252,8.1541
-9.1252,8.1840
-9.1252,8.2139
-9.1252,8.2437
-9.1252,8.2736
-9.1252,8.3035
-9.1252,8.3333
-9.1252,8.3632
-9.1252,8.3931
-9.1252,8.4229
-9.1252,8.4528
-9.1252,8.4827
-9.1252,8.5125
-9.1252,8.5424
-9.1252,8.5723
-9.1252,8.6022
-9.1252,8.6320
-9.1252,8.6619
-9.0954,8.6918
-9.0954,8.7216
-9.0954,8.7515
-9.0954,8.7814
-9.0954,8.8112
-9.0954,8.8411
-9.0954,8.8710
-9.0656,8.9008
-9.0656,8.9307
-9.0656,8.9606
-9.0358,8.9904
-9.0060,9.0203
-9.0060,9.0502
-9.0060,9.0800
-9.0060,9.1099
-9.0060,9.1398
-9.0060,9.1697
-9.0060,9.1995
-9.0060,9.2294
-9.0060,9.2593
-9.0060,9.2891
-8.9761,9.3190
-8.9761,9.3489
-8.9761,9.3787
-8.9761,9.4086
-8.9761,9.4385
-8.9761,9.4683
-8.9761,9.4982
-8.9463,9.5281
-8.9463,9.5579
-8.9463,9.5878
-8.9463,9.6177
-8.9165,9.6177
-8.9165,9.6476
-8.8867,9.6774
-8.8867,9.7073
-8.8867,9.7372
-8.8867,9.7670
-8.8867,9.7969
-8.8867,9.8268
-8.8867,9.8566
-8.8867,9.8865
-8.8867,9.9164
-8.8867,9.9462
-8.8867,9.9761
-8.8569,10.0060
-8.8569,10.0358
-8.8569,10.0657
-8.8569,10.0956
-8.8569,10.1254
-8.8270,10.1553
-8.8270,10.1852
-8.7972,10.2151
-8.7674,10.2449
-8.7674,10.2748
-8.7376,10.3047
-8.7376,10.3345
-8.7376,10.3644
-8.7376,10.3943
-8.7078,10.4241
-8.6779,10.4540
-8.6481,10.4839
-8.6481,10.5137
-8.6481,10.5436
-8.6481,10.5735
-8.6481,10.6033
-8.6481,10.6332
-8.6183,10.6631
-8.6183,10.6930
-8.6183,10.7228
-8.5885,10.7527
-8.5586,10.7826
-8.5586,10.8124
-8.5586,10.8423
-8.5586,10.8722
-8.5586,10.9020
-8.5586,10.9319
-8.5288,10.9618
-8.4990,10.9916
-8.4692,11.0215
-8.4394,11.0514
-8.4394,11.0812
-8.4394,11.1111
-8.4095,11.1410
-8.4095,11.1708
-8.4095,11.2007
-8.4095,11.2306
-8.3797,11.2605
-8.3797,11.2903
-8.3499,11.3202
-8.3499,11.3501
-8.3499,11.3799
-8.3499,11.4098
-8.3201,11.4397
-8.3201,11.4695
-8.2903,11.4994
-8.2604,11.5293
-8.2306,11.5591
-8.2008,11.5890
-8.2008,11.6189
-8.2008,11.6487
-8.2008,11.6786
-8.2008,11.7085
-8.1710,11.7384
-8.1710,11.7682
-8.1710,11.7981
-8.1412,11.8280
-8.1113,11.8578
-8.0815,11.8877
-8.0815,11.9176
-8.0815,11.9474
-8.0517,11.9474
-8.0517,11.9773
-8.0517,12.0072
-8.0219,12.0370
-8.0219,12.0669
-7.9920,12.0968
-7.9920,12.1266
-7.9622,12.1266
-7.9622,12.1565
-7.9324,12.1565
-7.9324,12.1864
-7.9324,12.2162
-7.9026,12.2461
-7.9026,12.2760
-7.8728,12.2760
-7.8728,12.3059
-7.8429,12.3059
-7.8429,12.3357
-7.8131,12.3656
-7.8131,12.3955
-7.7833,12.4253
-7.7833,12.4552
-7.7535,12.4851
-7.7535,12.5149
-7.7237,12.5448
-7.6938,12.5747
-7.6938,12.6045
-7.6938,12.6344
-7.6640,12.6344
-7.6640,12.6643
-7.6342,12.6643
-7.6342,12.6941
-7.6044,12.6941
-7.6044,12.7240
-7.5746,12.7539
-7.5746,12.7838
-7.5746,12.8136
-7.5447,12.8435
-7.5447,12.8734
-7.5447,12.9032
-7.5149,12.9032
-7.5149,12.9331
-7.4851,12.9331
-7.4851,12.9630
-7.4553,12.9630
-7.4553,12.9928
-7.4254,13.0227
-7.4254,13.0526
-7.3956,13.0824
-7.3956,13.1123
-7.3956,13.1422
-7.3658,13.1720
-7.3658,13.2019
-7.3360,13.2019
-7.3360,13.2318
-7.3062,13.2318
-7.3062,13.2616
-7.2763,13.2616
-7.2763,13.2915
-7.2465,13.2915
-7.2465,13.3214
-7.2167,13.3513
-7.2167,13.3811
-7.1869,13.3811
-7.1869,13.4110
-7.1869,13.4409
-7.1571,13.4409
-7.1571,13.4707
-7.1571,13.5006
-7.1272,13.5006
-7.1272,13.5305
-7.0974,13.5305
-7.0974,13.5603
-7.0676,13.5603
-7.0676,13.5902
-7.0378,13.6201
-7.0080,13.6499
-6.9781,13.6798
-6.9483,13.7097
-6.9185,13.7097
-6.9185,13.7395
-6.8887,13.7395
-6.8588,13.7694
-6.8290,13.7694
-6.8290,13.7993
-6.7992,13.7993
-6.7992,13.8292
-6.7694,13.8292
-6.7694,13.8590
-6.7396,13.8889
-6.7097,13.9188
-6.6799,13.9486
-6.6501,13.9486
-6.6203,13.9785
-6.5905,13.9785
-6.5606,14.0084
-6.5308,14.0084
-6.5308,14.0382
-6.5010,14.0382
-6.4712,14.0681
-6.4414,14.0681
-6.4115,14.0980
-6.3817,14.0980
-6.3519,14.1278
-6.3221,14.1577
-6.2922,14.1577
-6.2624,14.1876
-6.2326,14.1876
-6.2028,14.1876
-6.1730,14.2174
-6.1431,14.2174
-6.1133,14.2473
-6.0835,14.2772
-6.0537,14.2772
-6.0239,14.2772
-5.9940,14.3070
-5.9642,14.3070
-5.9344,14.3070
-5.9046,14.3070
-5.8748,14.3070
-5.8449,14.3070
-5.8151,14.3070
-5.7853,14.3070
-5.7555,14.3070
-5.7256,14.3369
-5.6958,14.3369
-5.6660,14.3369
-5.6362,14.3369
-5.6064,14.3369
-5.5765,14.3369
-5.5467,14.3369
-5.5169,14.3668
-5.4871,14.3967
-5.4573,14.3967
-5.4274,14.3967
-5.3976,14.4265
-5.3678,14.4265
-5.3380,14.4265
-5.3082,14.4265
-5.2783,14.4265
-5.2485,14.4265
-5.2187,14.4564
-5.1889,14.4564
-5.1590,14.4564
-5.1292,14.4564
