# left,right  worst-case free distance beside the track over a +-3 m window,
# measured by scripts/../measure survey with the 2D lidar on an obstacle-free lap.
# nan = that stretch was not surveyed. One row per track_centerline.csv point.
4.301,2.554
4.301,2.554
4.301,2.554
4.301,2.554
4.301,2.554
4.301,2.554
4.301,2.554
4.301,2.554
4.301,2.554
4.301,2.554
4.301,2.554
4.301,2.554
4.301,2.554
4.301,2.554
4.301,2.554
4.301,2.554
4.301,2.554
4.301,2.554
4.301,2.554
4.301,2.554
4.301,2.554
4.301,2.554
4.301,2.554
4.301,2.554
4.301,2.554
4.301,2.554
4.301,2.554
4.301,2.554
4.301,2.554
4.301,2.554
4.301,2.554
4.301,2.554
4.301,2.554
4.301,2.554
4.301,2.554
4.301,2.554
4.301,2.554
4.292,2.554
4.281,2.554
4.271,2.554
4.265,2.554
4.259,2.554
4.244,2.554
4.230,2.554
4.227,2.554
4.214,2.554
4.208,2.554
4.198,2.554
4.192,2.554
4.180,2.554
4.180,2.554
4.180,2.554
4.168,2.554
4.158,2.554
4.150,2.554
4.142,2.554
4.136,2.554
4.136,2.554
4.122,2.554
4.115,2.554
4.115,2.554
4.101,2.554
4.095,2.554
4.086,2.554
4.083,2.554
4.074,2.554
4.064,2.554
4.061,2.554
4.052,2.554
4.049,2.554
4.040,2.554
4.037,2.554
4.029,2.554
4.023,2.554
4.016,2.554
4.011,2.554
4.004,2.554
3.994,2.554
3.986,2.554
3.982,2.554
3.974,2.554
3.969,2.554
3.969,2.554
3.964,2.554
3.954,2.554
3.954,2.554
3.943,2.554
3.937,2.554
3.932,2.554
3.922,2.554
3.918,2.554
3.918,2.554
3.911,2.554
3.911,2.554
3.907,2.554
3.902,2.554
3.897,2.554
3.894,2.556
3.886,2.556
3.886,2.556
3.878,2.556
3.878,2.556
3.852,2.557
3.852,2.559
3.832,2.564
3.832,2.567
3.811,2.572
3.811,2.573
3.795,2.577
3.795,2.577
3.790,2.577
3.756,2.577
3.756,2.577
3.752,2.577
3.718,2.577
3.718,2.577
3.711,2.577
3.675,2.577
3.675,2.577
3.650,2.577
3.650,2.577
3.642,2.577
3.629,2.577
3.617,2.577
3.607,2.577
3.596,2.577
3.566,2.577
3.566,2.577
3.566,2.577
3.548,2.577
3.543,2.577
3.535,2.577
3.523,2.577
3.518,2.577
3.503,2.577
3.503,2.577
3.492,2.577
3.485,2.577
3.478,2.577
3.464,2.577
3.464,2.577
3.461,2.577
3.454,2.577
3.440,2.578
3.440,2.578
3.440,2.578
3.437,2.578
3.428,2.578
3.426,2.579
3.421,2.579
3.416,2.579
3.409,2.579
3.405,2.580
3.400,2.580
3.396,2.580
3.392,2.581
3.388,2.581
3.384,2.582
3.379,2.582
3.374,2.583
3.373,2.584
3.369,2.584
3.367,2.585
3.364,2.585
3.362,2.586
3.361,2.587
3.359,2.587
3.359,2.588
3.358,2.589
3.358,2.590
3.358,2.591
3.358,2.592
3.358,2.593
3.358,2.594
3.358,2.595
3.356,2.596
3.353,2.598
3.351,2.598
3.349,2.600
3.347,2.602
3.345,2.605
3.344,2.605
3.342,2.606
3.340,2.609
3.337,2.611
3.336,2.613
3.333,2.615
3.332,2.619
3.319,2.621
3.313,2.622
3.302,2.626
3.296,2.629
3.286,2.632
3.280,2.637
3.270,2.640
3.265,2.645
3.256,2.645
3.252,2.645
3.243,2.645
3.239,2.645
3.232,2.645
3.232,2.645
3.221,2.645
3.218,2.645
3.212,2.645
3.212,2.645
3.209,2.645
3.207,2.645
3.201,2.645
3.201,2.645
3.199,2.645
3.196,2.645
3.195,2.645
3.194,2.645
3.193,2.646
3.193,2.646
3.192,2.648
3.192,2.651
3.192,2.651
3.192,2.655
3.192,2.656
3.192,2.659
3.192,2.661
3.192,2.666
3.192,2.668
3.192,2.674
3.192,2.676
3.192,2.683
3.192,2.688
3.192,2.693
3.192,2.693
3.192,2.693
3.192,2.701
3.192,2.710
3.192,2.716
3.192,2.721
3.192,2.727
3.192,2.727
3.192,2.741
3.192,2.749
3.192,2.749
3.192,2.764
3.192,2.774
3.192,2.785
3.192,2.789
3.192,2.802
3.192,2.815
3.192,2.822
3.192,2.836
3.192,2.841
3.192,2.858
3.192,2.867
3.192,2.886
3.192,2.901
3.192,2.909
3.192,3.034
3.192,3.041
3.192,3.053
3.192,3.066
3.192,3.071
3.192,3.085
3.192,3.094
3.192,3.094
3.192,3.099
3.192,3.114
3.192,3.119
3.192,3.134
3.192,3.149
3.192,3.154
3.192,3.169
3.192,3.180
3.192,3.180
3.192,3.190
3.192,3.200
3.192,3.211
3.192,3.221
3.192,3.231
3.192,3.242
3.192,3.254
3.192,3.256
3.192,3.272
3.192,3.272
3.192,3.287
3.192,3.287
3.192,3.309
3.192,3.309
3.192,3.324
3.192,3.324
3.192,3.337
3.192,3.337
3.192,3.342
3.192,3.371
3.192,3.371
3.192,3.376
3.192,3.401
3.192,3.401
3.192,3.407
3.192,3.437
3.192,3.437
3.192,3.456
3.192,3.456
3.192,3.466
3.192,2.238
3.192,2.176
3.192,2.141
3.192,2.127
3.192,2.120
3.192,2.100
3.192,2.087
3.192,1.815
3.192,1.757
3.192,1.711
3.192,1.700
3.192,1.683
3.192,1.675
3.192,1.657
3.192,1.647
3.192,1.637
3.192,1.618
3.192,1.609
3.192,1.601
3.192,1.588
3.192,1.580
3.192,1.567
3.192,1.562
3.192,1.548
3.192,1.542
3.192,1.533
3.192,1.528
3.192,1.520
3.192,1.518
3.192,1.510
3.192,1.508
3.192,1.501
3.192,1.500
3.192,1.496
3.192,1.494
3.192,1.491
3.192,1.490
3.192,1.489
3.192,1.489
3.192,1.489
3.192,1.489
3.192,1.489
3.192,1.489
3.192,1.489
3.192,1.489
3.192,1.489
3.192,1.489
3.192,1.489
3.192,1.489
3.192,1.489
3.192,1.489
3.192,1.489
3.192,1.488
3.192,1.488
3.192,1.488
3.192,1.488
3.192,1.488
3.192,1.488
3.192,1.488
3.192,1.488
3.192,1.488
3.192,1.488
3.192,1.488
3.192,1.488
3.192,1.488
3.192,1.488
3.192,1.488
3.192,1.488
3.192,1.488
3.192,1.488
3.192,1.488
3.192,1.488
3.192,1.488
3.192,1.488
3.192,1.488
3.192,1.488
3.192,1.488
3.192,1.488
3.192,1.488
3.192,1.488
3.192,1.488
3.192,1.488
3.192,1.488
3.192,1.488
3.192,1.488
3.192,1.488
3.192,1.488
3.192,1.488
3.192,1.488
3.192,1.488
3.192,1.488
3.192,1.488
3.192,1.488
3.192,1.488
3.192,1.488
3.192,1.488
3.192,1.488
3.192,1.488
3.193,1.488
3.193,1.488
3.193,1.488
3.193,1.488
3.194,1.488
3.196,1.488
3.196,1.488
3.196,1.488
3.196,1.488
3.196,1.488
3.196,1.488
3.196,1.488
3.196,1.488
3.196,1.488
3.196,1.488
3.196,1.488
3.196,1.488
3.196,1.488
3.196,1.488
3.196,1.488
3.196,1.488
3.196,1.488
3.196,1.488
3.196,1.488
3.196,1.488
3.196,1.488
3.196,1.488
3.196,1.488
3.196,1.488
3.196,1.488
3.196,1.488
3.196,1.488
3.196,1.488
3.196,1.488
3.196,1.488
3.196,1.488
3.196,1.488
3.196,1.488
3.196,1.488
3.196,1.488
3.196,1.488
3.196,1.488
3.196,1.488
3.196,1.488
3.196,1.488
3.196,1.488
3.196,1.488
3.196,1.488
3.196,1.488
3.196,1.488
3.196,1.488
3.196,1.488
3.196,1.488
3.196,1.488
3.196,1.488
3.196,1.488
3.196,1.488
3.196,1.488
3.196,1.488
3.196,1.488
3.193,1.488
3.189,1.488
3.186,1.488
3.181,1.488
3.179,1.488
3.177,1.488
3.175,1.488
3.174,1.488
3.170,1.488
3.167,1.488
3.167,1.488
3.159,1.488
3.157,1.488
3.149,1.488
3.149,1.488
3.138,1.488
3.132,1.488
3.126,1.488
3.120,1.488
3.114,1.488
3.108,1.488
3.098,1.488
3.095,1.488
3.092,1.488
3.092,1.488
3.072,1.488
3.062,1.488
3.062,1.488
3.062,1.488
3.046,1.488
3.046,1.488
3.014,1.488
2.971,1.488
2.948,1.488
2.948,1.488
2.948,1.488
2.908,1.488
2.908,1.488
2.908,1.488
2.866,1.488
2.866,1.488
2.866,1.488
2.856,1.488
2.856,1.488
2.856,1.488
2.856,1.488
2.856,1.488
2.856,1.488
2.856,1.488
2.856,1.488
2.856,1.488
2.856,1.488
2.856,1.488
2.856,1.488
2.838,1.488
2.838,1.488
2.827,1.488
2.827,1.488
2.827,1.488
2.827,1.488
2.786,1.488
2.786,1.488
2.771,1.488
2.771,1.488
2.749,1.488
2.749,1.488
2.749,1.488
2.729,1.488
2.729,1.488
2.719,1.488
2.719,1.488
2.710,1.488
2.710,1.488
2.701,1.488
2.701,1.488
2.694,1.488
2.694,1.488
2.694,1.489
2.683,1.491
2.683,1.492
2.676,1.495
2.676,1.500
2.676,1.501
2.659,1.505
2.659,1.512
2.652,1.514
2.652,1.523
2.641,1.526
2.626,1.537
2.614,1.540
2.604,1.552
2.604,1.555
2.580,1.569
2.580,1.577
2.549,1.591
2.549,1.597
2.527,1.614
2.527,1.623
2.527,1.633
2.497,1.652
2.497,1.662
2.485,1.678
2.485,1.683
2.443,1.700
2.443,1.710
2.406,1.672
2.406,1.672
2.376,1.644
2.376,1.644
2.339,1.608
2.339,1.608
2.296,1.569
2.296,1.569
2.289,1.563
2.267,1.544
2.236,1.519
2.236,1.519
2.222,1.507
2.199,1.489
2.166,1.466
2.166,1.466
2.150,1.455
2.150,1.455
2.126,1.439
2.083,1.413
2.083,1.413
2.064,1.403
2.047,1.394
1.991,1.368
1.991,1.368
1.981,1.363
1.963,1.355
1.935,1.342
1.925,1.338
1.897,1.325
1.887,1.321
1.853,1.310
1.631,1.303
1.606,1.296
1.565,1.286
1.536,1.280
1.507,1.274
1.480,1.269
1.449,1.263
1.430,1.258
1.413,1.251
1.406,1.246
1.393,1.242
1.385,1.238
1.371,1.234
1.362,1.230
1.346,1.225
1.341,1.223
1.327,1.219
1.310,1.216
1.306,1.215
1.291,1.212
1.288,1.212
1.275,1.210
1.272,1.210
1.261,1.208
1.255,1.208
1.248,1.207
1.242,1.207
1.238,1.206
1.229,1.206
1.228,1.206
1.224,1.205
1.220,1.205
1.217,1.205
1.216,1.205
1.214,1.205
1.214,1.205
1.214,1.205
1.213,1.205
1.213,1.205
1.213,1.205
1.212,1.205
1.212,1.205
1.212,1.205
1.212,1.205
1.212,1.205
1.212,1.205
1.212,1.205
1.212,1.205
1.212,1.205
1.212,1.205
1.212,1.205
1.212,1.205
1.212,1.205
1.212,1.205
1.212,1.205
1.212,1.205
1.212,1.205
1.212,1.205
1.212,1.205
1.212,1.205
1.212,1.205
1.212,1.205
1.212,1.205
1.212,1.205
1.212,1.205
1.212,1.205
1.212,1.205
1.212,1.205
1.212,1.205
1.212,1.205
1.212,1.205
1.212,1.205
1.212,1.205
1.212,1.205
1.212,1.205
1.212,1.205
1.212,1.205
1.212,1.205
1.209,1.205
1.209,1.205
1.183,1.205
1.179,1.205
1.166,1.205
1.156,1.205
1.148,1.205
1.144,1.205
1.144,1.205
1.134,1.205
1.134,1.205
1.120,1.205
1.113,1.205
1.111,1.205
1.111,1.205
1.095,1.205
1.089,1.205
1.083,1.205
1.076,1.205
1.065,1.205
1.054,1.205
1.054,1.205
1.054,1.205
1.054,1.205
1.034,1.205
1.034,1.205
1.029,1.205
1.029,1.205
0.995,1.205
0.995,1.205
0.995,1.205
0.959,1.205
0.947,1.205
0.943,1.205
0.943,1.205
0.943,1.205
0.923,1.205
0.923,1.205
0.906,1.205
0.906,1.205
0.906,1.205
0.901,1.205
0.901,1.205
0.901,1.205
0.901,1.205
0.901,1.205
0.886,1.205
0.886,1.205
0.886,1.205
0.878,1.205
0.878,1.205
0.872,1.205
0.872,1.205
0.872,1.205
0.867,1.205
0.867,1.205
0.867,1.205
0.867,1.205
0.867,1.205
0.867,1.205
0.867,1.205
0.867,1.205
0.867,1.205
0.867,1.205
0.867,1.205
0.867,1.205
0.867,1.205
0.867,1.205
0.867,1.205
0.867,1.205
0.867,1.205
0.867,1.205
0.867,1.205
0.867,1.205
0.867,1.205
0.867,1.205
0.867,1.205
0.867,1.205
0.867,1.205
0.867,1.205
0.867,1.205
0.867,1.205
0.867,1.205
0.867,1.205
0.867,1.205
0.867,1.205
0.867,1.205
0.867,1.205
0.867,1.205
0.867,1.205
0.867,1.205
0.867,1.205
0.867,1.205
0.867,1.205
0.867,1.205
0.867,1.205
0.867,1.205
0.867,1.205
0.867,1.205
0.867,1.205
0.867,1.205
0.867,1.205
0.867,1.205
0.867,1.205
0.867,1.205
0.867,1.205
0.867,1.205
0.867,1.205
0.867,1.205
0.867,1.205
0.867,1.205
0.867,1.205
0.867,1.205
0.867,1.205
0.867,1.205
0.867,1.205
0.867,1.205
0.867,1.205
0.867,1.205
0.867,1.205
0.867,1.205
0.867,1.205
0.867,1.205
0.867,1.205
0.867,1.205
0.867,1.205
0.867,1.205
0.867,1.205
0.867,1.205
0.867,1.205
0.867,1.205
0.867,1.205
0.867,1.205
0.867,1.205
0.867,1.205
0.867,1.205
0.867,1.206
0.867,1.206
0.867,1.206
0.867,1.206
0.867,1.207
0.867,1.207
0.867,1.208
0.867,1.208
0.867,1.209
0.867,1.209
0.867,1.210
0.867,1.210
0.867,1.211
0.867,1.211
0.867,1.212
0.867,1.213
0.867,1.213
0.867,1.214
0.867,1.215
0.867,1.216
0.867,1.216
0.867,1.217
0.867,1.218
0.867,1.219
0.867,1.220
0.867,1.221
0.867,1.223
0.867,1.224
0.867,1.225
0.867,1.227
0.867,1.228
0.867,1.230
0.867,1.231
0.867,1.233
0.867,1.235
0.867,1.237
0.867,1.240
0.867,1.241
0.867,1.243
0.867,1.245
0.867,1.249
0.867,1.250
0.867,1.250
0.867,1.257
0.867,1.260
0.867,1.260
0.867,1.266
0.867,1.270
0.867,1.275
0.867,1.280
0.867,1.284
0.867,1.286
0.867,1.286
0.867,1.292
0.867,1.292
0.867,1.303
0.867,1.310
0.867,1.312
0.867,1.312
0.867,1.326
0.867,1.335
0.867,1.341
0.867,1.348
0.867,1.358
0.867,1.365
0.867,1.365
0.867,1.365
0.867,1.365
0.867,1.385
0.867,1.377
0.867,1.360
0.867,1.353
0.867,1.344
0.867,1.332
0.867,1.332
0.867,1.314
0.867,1.305
0.867,1.295
0.867,1.295
0.867,1.282
0.867,1.279
0.867,1.273
0.867,1.268
0.867,1.261
0.867,1.259
0.867,1.259
0.867,1.251
0.867,1.248
0.867,1.245
0.867,1.245
0.867,1.245
0.867,1.245
0.867,1.245
0.867,1.245
0.867,1.244
0.867,1.239
0.867,1.235
0.867,1.232
0.867,1.230
0.869,1.208
0.872,1.199
0.872,1.182
0.872,1.173
0.872,1.173
0.882,1.173
0.882,1.145
0.882,1.133
0.891,1.129
0.891,1.129
0.902,1.104
0.907,1.100
0.907,1.100
0.913,1.081
0.917,1.078
0.921,1.078
0.932,1.068
0.936,1.063
0.947,1.060
0.957,1.059
0.961,1.058
0.970,1.057
0.978,1.057
0.990,1.057
0.998,1.057
1.011,1.057
1.016,1.057
1.035,1.057
1.044,1.057
1.056,1.057
1.059,1.057
1.075,1.057
1.083,1.057
1.092,1.057
1.105,1.057
1.118,1.057
1.122,1.057
1.131,1.057
1.141,1.057
1.155,1.057
1.164,1.057
1.176,1.057
1.176,1.057
1.202,1.057
1.217,1.057
1.217,1.057
1.243,1.057
1.277,1.057
1.277,1.057
1.321,1.057
1.321,1.057
1.321,1.057
1.321,1.057
1.321,1.057
1.321,1.057
1.321,1.057
1.321,1.057
1.321,1.057
1.321,1.057
1.321,1.057
1.321,1.057
1.321,1.057
1.321,1.057
1.321,1.057
1.321,1.057
1.321,1.057
1.321,1.057
1.321,1.057
1.321,1.057
1.321,1.057
1.321,1.057
1.321,1.057
1.321,1.057
1.321,1.057
1.321,1.057
1.321,1.057
1.321,1.057
1.321,1.057
1.321,1.057
1.321,1.057
1.321,1.057
1.321,1.057
1.321,1.057
1.321,1.057
1.321,1.057
1.321,1.057
1.321,1.057
1.321,1.057
1.321,1.057
1.321,1.057
1.321,1.057
1.321,1.057
1.321,1.057
1.321,1.057
1.321,1.057
1.321,1.057
1.321,1.057
1.321,1.057
1.321,1.057
1.321,1.057
1.321,1.057
1.321,1.057
1.321,1.057
1.321,1.057
1.321,1.057
1.321,1.057
1.321,1.057
1.321,1.057
1.321,1.057
1.321,1.057
1.321,1.057
1.321,1.057
1.321,1.057
1.321,1.057
1.321,1.057
1.321,1.057
1.321,1.057
1.321,1.057
1.321,1.057
1.321,1.057
1.321,1.057
1.321,1.057
1.321,1.057
1.321,1.057
1.321,1.057
1.321,1.057
1.321,1.057
1.321,1.057
1.321,1.057
1.321,1.057
1.321,1.057
1.321,1.057
1.321,1.057
1.321,1.057
1.321,1.057
1.321,1.057
1.321,1.057
1.321,1.057
1.321,1.057
1.321,1.057
1.321,1.057
1.321,1.057
1.321,1.057
1.321,1.057
1.321,1.057
1.321,1.057
1.321,1.057
1.321,1.057
1.321,1.057
1.321,1.057
1.321,1.057
1.321,1.057
1.321,1.057
1.321,1.057
1.321,1.057
1.321,1.057
1.321,1.057
1.321,1.057
1.321,1.057
1.321,1.057
1.321,1.057
1.321,1.057
1.321,1.057
1.321,1.057
1.321,1.057
1.321,1.057
1.321,1.057
1.321,1.057
1.321,1.057
1.321,1.057
1.321,1.057
1.321,1.057
1.321,1.057
1.321,1.057
1.321,1.057
1.321,1.057
1.321,1.057
1.321,1.057
1.321,1.057
1.321,1.057
1.321,1.057
1.321,1.057
1.321,1.057
1.321,1.057
1.321,1.057
1.321,1.057
1.323,1.057
1.324,1.057
1.325,1.057
1.325,1.057
1.334,1.057
1.334,1.057
1.334,1.057
1.349,1.057
1.351,1.057
1.351,1.057
1.365,1.057
1.374,1.057
1.380,1.057
1.386,1.057
1.393,1.057
1.399,1.058
1.401,1.058
1.401,1.058
1.418,1.063
1.429,1.067
1.436,1.070
1.447,1.075
1.452,1.079
1.462,1.085
1.470,1.092
1.476,1.095
1.484,1.103
1.484,1.103
1.484,1.103
1.484,1.103
1.484,1.103
1.535,1.147
1.535,1.147
1.535,1.147
1.535,1.147
1.535,1.147
1.984,1.176
1.984,1.176
2.107,1.215
2.084,1.215
2.084,1.215
2.073,1.215
2.061,1.263
2.053,1.263
2.040,1.268
2.034,1.323
2.022,1.323
2.011,1.358
2.005,1.358
1.995,1.396
1.987,1.396
1.980,1.440
1.980,1.440
1.969,1.470
1.961,1.470
1.958,1.470
1.948,1.470
1.945,1.490
1.935,1.490
1.931,1.549
1.924,1.549
1.914,1.586
1.905,1.586
1.901,1.586
1.895,1.586
1.889,1.608
1.883,1.608
1.877,1.622
1.871,1.622
1.865,1.622
1.857,1.622
1.854,1.622
1.847,1.681
1.843,1.681
1.838,1.681
1.836,1.740
1.831,1.740
1.826,1.740
1.825,1.801
1.822,1.801
1.819,1.823
1.817,1.823
1.816,1.823
1.815,1.823
1.815,1.823
1.814,1.885
1.813,1.885
1.813,1.922
1.813,1.922
1.813,1.956
1.813,1.956
1.813,1.988
1.813,1.988
1.813,1.988
1.813,1.988
1.813,2.031
1.813,2.031
1.813,2.031
1.813,2.031
1.813,2.031
1.813,2.031
1.813,2.031
1.813,2.031
1.813,2.031
1.813,2.031
1.813,2.031
1.813,2.031
1.813,2.031
1.813,2.031
1.813,2.031
1.813,2.031
1.813,2.031
1.813,2.031
1.813,2.031
1.813,2.031
1.813,2.031
1.813,2.031
1.813,2.031
1.813,2.031
1.813,2.031
1.813,2.031
1.813,2.031
1.813,2.031
1.813,2.031
1.813,2.031
1.813,2.031
1.813,2.031
1.813,2.031
1.813,2.031
1.813,2.031
1.813,2.031
1.813,2.031
1.813,2.031
1.813,2.031
1.813,2.031
1.813,2.031
1.813,2.031
1.813,2.031
1.813,2.031
1.813,2.031
1.813,2.031
1.813,2.031
1.813,2.031
1.813,2.031
1.813,2.031
1.813,2.031
1.813,2.031
1.813,2.031
1.813,2.031
1.813,2.031
1.813,2.031
1.813,2.031
1.813,2.031
1.813,2.031
1.813,2.031
1.813,2.031
1.813,2.031
1.813,2.031
1.813,2.031
1.813,2.031
1.813,2.031
1.813,2.031
1.813,2.031
1.813,2.031
1.813,2.031
1.813,2.031
1.813,2.031
1.813,2.031
1.813,2.031
1.813,2.031
1.813,2.031
1.813,2.031
1.813,2.031
1.813,2.031
1.813,2.031
1.813,2.031
1.813,2.031
1.813,2.031
1.813,2.031
1.813,2.031
1.813,2.031
1.813,2.031
1.813,2.031
1.813,2.031
1.813,2.031
1.813,2.031
1.813,2.031
1.813,2.031
1.813,2.031
1.813,2.031
1.813,2.031
1.813,2.031
1.813,2.031
1.813,2.031
1.813,2.031
1.813,2.031
1.813,2.031
1.813,2.031
1.813,2.031
1.813,2.031
1.813,2.031
1.813,2.031
1.813,2.031
1.813,2.031
1.813,2.031
1.813,2.031
1.813,2.031
1.813,2.031
1.813,2.031
1.813,2.031
1.813,2.031
1.813,2.031
1.813,2.031
1.813,2.031
1.813,2.031
1.813,2.031
1.813,2.031
1.813,2.031
1.813,2.031
1.813,2.031
1.813,2.031
1.813,2.031
1.813,2.031
1.813,2.031
1.813,2.031
1.813,2.031
1.813,2.031
1.813,2.031
1.813,2.031
1.813,2.031
1.813,2.031
1.813,2.031
1.813,2.031
1.813,2.031
1.813,2.031
1.813,2.031
1.813,2.031
1.813,2.031
1.813,2.033
1.813,2.033
1.813,2.036
1.813,2.039
1.813,2.041
1.813,2.042
1.813,2.046
1.813,2.049
1.813,2.052
1.813,2.058
1.813,2.060
1.813,2.067
1.813,2.070
1.813,2.077
1.813,2.081
1.813,2.089
1.813,2.094
1.813,2.103
1.813,2.109
1.813,2.122
1.813,2.127
1.813,2.137
1.813,2.146
1.813,2.159
1.813,2.166
1.813,2.181
1.813,2.188
1.813,2.204
1.814,2.212
1.817,2.221
1.818,2.226
1.820,2.227
1.825,2.230
1.828,2.231
1.828,2.231
1.837,2.239
1.841,2.241
1.846,2.247
1.846,2.247
1.862,2.257
1.867,2.265
1.867,2.265
1.881,2.277
1.886,2.284
1.896,2.291
1.896,2.291
1.912,2.308
1.925,2.318
1.936,2.324
1.936,2.324
1.955,2.350
1.965,2.356
1.976,2.367
1.976,2.367
2.000,2.390
2.016,2.401
2.016,2.401
2.043,2.439
2.043,2.444
2.043,2.444
2.060,2.452
2.106,2.468
2.111,2.477
2.111,2.477
2.111,2.477
2.152,2.502
2.152,2.502
2.152,2.502
2.163,2.511
2.206,2.538
2.206,2.538
2.251,2.614
2.264,2.626
2.264,2.626
2.264,2.626
2.276,2.638
2.276,2.638
2.276,2.638
2.306,2.671
2.306,2.671
2.327,2.693
2.327,2.693
2.374,2.756
2.374,2.756
2.398,2.796
2.398,2.796
2.404,2.801
2.452,2.873
2.452,2.873
2.452,2.873
2.486,2.947
2.350,2.947
2.299,2.947
2.274,2.935
2.234,2.859
2.219,2.759
2.203,2.702
2.190,2.625
2.173,2.545
2.163,2.498
2.151,2.283
2.135,2.206
2.127,2.164
2.110,2.132
2.099,2.117
2.090,2.104
2.077,2.087
2.067,2.070
2.055,2.049
2.055,2.049
2.037,2.029
2.017,2.007
2.017,2.007
2.007,2.000
1.999,1.984
1.989,1.977
1.980,1.969
1.964,1.954
1.964,1.954
1.952,1.938
1.948,1.934
1.929,1.922
1.929,1.922
1.923,1.918
1.920,1.915
1.914,1.910
1.908,1.905
1.903,1.900
1.889,1.895
1.889,1.895
1.884,1.891
1.879,1.891
1.866,1.888
1.866,1.888
1.853,1.888
1.853,1.888
1.850,1.888
1.848,1.888
1.831,1.888
1.831,1.888
1.831,1.888
1.828,1.888
1.822,1.888
1.819,1.888
1.815,1.888
1.812,1.888
1.809,1.888
1.808,1.888
1.806,1.888
1.805,1.888
1.805,1.888
1.805,1.888
1.805,1.888
1.805,1.888
1.805,1.888
1.805,1.888
1.805,1.888
1.805,1.888
1.805,1.888
1.805,1.888
1.805,1.888
1.805,1.888
1.805,1.888
1.805,1.888
1.805,1.888
1.805,1.888
1.805,1.888
1.805,1.888
1.805,1.888
1.805,1.888
1.805,1.888
1.805,1.888
1.805,1.888
1.805,1.888
1.805,1.888
1.805,1.888
1.805,1.888
1.805,1.888
1.805,1.888
1.805,1.888
1.805,1.888
1.805,1.888
1.805,1.888
1.805,1.888
1.805,1.888
1.805,1.888
1.805,1.888
1.805,1.888
1.805,1.888
1.805,1.888
1.805,1.888
1.805,1.888
1.805,1.888
1.805,1.888
1.805,1.888
1.805,1.888
1.805,1.888
1.805,1.888
1.805,1.888
1.805,1.888
1.805,1.888
1.805,1.886
1.805,1.881
1.805,1.873
1.805,1.868
1.805,1.858
1.805,1.851
1.805,1.847
1.805,1.847
1.805,1.847
1.805,1.817
1.805,1.817
1.805,1.817
1.805,1.817
1.805,1.796
1.805,1.796
1.805,1.778
1.805,1.778
1.805,1.755
1.805,1.755
1.805,1.755
1.805,1.737
1.805,1.737
1.805,1.737
1.805,1.720
1.805,1.706
1.805,1.693
1.805,1.682
1.805,1.668
1.805,1.657
1.805,1.644
1.805,1.633
1.805,1.618
1.805,1.614
1.805,1.614
1.805,1.596
1.805,1.596
1.805,1.575
1.805,1.575
1.805,1.549
1.805,1.549
1.805,1.541
1.805,1.541
1.805,1.541
1.805,1.517
1.805,1.517
1.805,1.506
1.805,1.506
1.805,1.506
1.805,1.479
1.805,1.479
1.805,1.468
1.805,1.468
1.805,1.459
1.805,1.459
1.805,1.444
1.805,1.444
1.805,1.428
1.805,1.428
1.805,1.418
1.805,1.418
1.805,1.402
1.805,1.402
1.805,1.385
1.805,1.385
1.805,1.370
1.805,1.370
1.805,1.360
1.805,1.360
1.805,1.360
1.805,1.348
1.805,1.348
1.805,1.346
1.805,1.346
1.805,1.346
1.805,1.344
1.805,1.341
1.805,1.341
1.805,1.339
1.805,1.339
1.805,1.338
1.805,1.338
1.805,1.338
1.805,1.338
1.805,1.338
1.805,1.338
1.805,1.338
1.805,1.338
1.805,1.338
1.805,1.338
1.805,1.338
1.805,1.338
1.805,1.338
1.805,1.338
1.805,1.338
1.805,1.338
1.805,1.338
1.805,1.338
1.805,1.338
1.805,1.338
1.805,1.338
1.805,1.338
1.805,1.338
1.805,1.338
1.805,1.338
1.805,1.338
1.805,1.338
1.805,1.338
1.805,1.338
1.805,1.338
1.805,1.338
1.805,1.338
1.805,1.338
1.805,1.338
1.805,1.338
1.805,1.338
1.805,1.338
1.805,1.338
1.805,1.338
1.805,1.338
1.805,1.338
1.805,1.338
1.805,1.338
1.805,1.338
1.805,1.338
1.805,1.338
1.805,1.338
1.805,1.338
1.805,1.338
1.805,1.338
1.805,1.338
1.806,1.338
1.808,1.338
1.809,1.338
1.812,1.338
1.814,1.338
1.819,1.338
1.825,1.338
1.828,1.338
1.835,1.338
1.839,1.338
1.848,1.338
1.861,1.338
1.864,1.338
1.876,1.338
1.886,1.338
1.900,1.338
1.908,1.338
1.918,1.338
1.929,1.338
1.941,1.338
2.043,1.338
2.285,1.338
2.285,1.338
2.285,1.338
2.285,1.338
2.285,1.338
2.285,1.338
2.285,1.338
2.285,1.338
2.285,1.338
2.285,1.338
2.285,1.338
2.285,1.338
2.285,1.338
2.285,1.338
2.285,1.338
2.285,1.338
2.285,1.338
2.285,1.338
2.285,1.338
2.285,1.338
2.285,1.338
2.285,1.338
2.285,1.338
2.285,1.338
2.285,1.338
2.285,1.338
2.285,1.338
2.285,1.338
2.285,1.338
2.285,1.338
2.285,1.338
2.285,1.338
2.285,1.338
2.285,1.338
2.285,1.338
2.285,1.338
2.285,1.338
2.285,1.338
2.285,1.338
2.285,1.338
2.285,1.338
2.285,1.338
2.285,1.338
2.285,1.338
2.285,1.338
2.285,1.338
2.285,1.338
2.285,1.338
2.285,1.338
2.285,1.338
2.285,1.338
2.285,1.338
2.285,1.338
2.285,1.338
2.285,1.338
2.285,1.338
2.285,1.338
2.285,1.338
2.285,1.338
2.285,1.338
2.285,1.338
2.285,1.338
2.285,1.338
2.285,1.338
2.285,1.338
2.285,1.338
2.285,1.338
2.285,1.338
2.285,1.338
2.285,1.338
2.285,1.338
2.285,1.338
2.285,1.338
2.285,1.338
2.285,1.338
2.285,1.338
2.285,1.338
2.285,1.338
2.285,1.338
2.285,1.338
2.285,1.338
2.285,1.338
2.285,1.338
2.285,1.338
2.285,1.338
2.285,1.338
2.285,1.338
2.285,1.338
2.285,1.338
2.285,1.338
2.285,1.338
2.285,1.338
2.285,1.338
2.285,1.338
2.285,1.338
2.285,1.338
2.285,1.338
2.285,1.338
2.285,1.338
2.285,1.338
2.285,1.338
2.285,1.338
2.285,1.338
2.285,1.338
2.285,1.338
2.285,1.338
2.285,1.338
2.285,1.338
2.285,1.338
2.285,1.340
2.285,1.340
2.285,1.340
2.285,1.342
2.292,1.345
2.292,1.347
2.297,1.351
2.297,1.351
2.308,1.360
2.308,1.360
2.313,1.368
2.319,1.372
2.327,1.384
2.329,1.386
2.343,1.391
2.354,1.401
2.358,1.406
2.374,1.421
2.381,1.426
2.393,1.439
2.393,1.439
2.405,1.444
2.423,1.464
2.423,1.464
2.441,1.481
2.441,1.481
2.447,1.491
2.476,1.512
2.476,1.512
2.513,1.540
2.513,1.540
2.538,1.571
2.538,1.571
2.554,1.577
2.563,1.597
2.585,1.779
2.599,1.790
2.626,1.808
2.626,1.814
2.645,1.825
2.724,1.837
2.757,1.849
2.790,1.861
2.839,1.879
2.855,1.885
2.872,1.891
3.121,1.903
3.137,1.915
3.137,1.915
3.147,1.933
3.160,1.939
3.187,1.956
3.191,1.968
3.201,1.975
3.234,1.998
3.237,2.004
3.252,2.021
3.274,2.033
3.296,2.050
3.319,2.062
3.324,2.073
3.336,2.085
3.361,2.102
3.361,2.102
3.373,2.114
3.401,2.131
3.401,2.131
3.440,2.155
3.440,2.155
3.458,2.168
3.469,2.174
3.509,2.200
3.509,2.200
3.538,2.219
3.538,2.219
3.582,2.247
3.593,2.253
3.639,2.281
3.651,2.289
3.684,2.318
3.708,2.333
3.722,2.341
3.769,2.362
3.782,2.371
3.820,2.386
3.833,2.391
3.870,2.410
3.884,2.430
3.897,2.437
4.062,2.465
4.062,2.471
4.088,2.494
4.088,2.494
4.112,2.518
4.113,2.525
4.139,2.550
4.163,2.565
4.188,2.581
4.235,2.612
4.246,2.619
4.281,2.643
4.316,2.667
4.394,2.691
4.402,2.700
4.434,2.724
4.451,2.739
4.461,2.766
4.480,2.783
4.501,2.806
4.522,2.823
4.522,2.823
4.554,2.849
4.554,2.849
4.585,2.874
4.585,2.874
4.616,2.936
4.616,2.936
4.637,2.949
4.647,2.956
4.688,2.991
4.688,2.991
4.720,3.018
4.793,3.045
4.811,3.072
4.832,3.099
4.832,3.099
4.864,3.135
4.864,3.135
4.899,3.163
4.899,3.163
4.935,3.190
4.935,3.190
4.983,3.228
4.983,3.228
5.020,3.282
5.020,3.282
5.090,3.299
5.090,3.299
5.144,3.336
5.144,3.336
5.173,3.354
5.173,3.354
5.355,3.371
5.355,3.371
5.393,3.424
5.393,3.424
5.407,3.458
5.407,3.458
5.436,3.484
5.436,3.484
5.454,3.519
5.454,3.519
5.502,3.543
5.551,3.569
5.588,3.594
5.588,3.594
5.663,3.625
5.663,3.625
5.683,3.638
5.683,3.638
5.832,3.650
5.832,3.650
5.832,3.650
5.853,3.669
5.853,3.669
5.910,3.685
5.910,3.685
5.910,3.685
5.928,3.692
6.036,3.718
6.036,3.718
6.036,3.718
6.112,3.739
6.112,3.739
6.208,3.754
6.208,3.754
6.267,3.784
6.267,3.784
6.309,3.804
6.309,3.804
7.704,3.815
7.704,3.815
7.704,3.815
7.704,3.840
7.704,3.840
7.704,3.863
7.704,3.863
7.704,3.873
7.704,3.904
7.704,3.904
7.704,3.925
7.704,3.925
7.704,3.949
7.704,3.954
7.704,3.981
7.704,3.981
7.704,3.986
7.704,4.009
7.704,4.009
7.704,4.028
7.704,4.028
7.704,4.045
7.704,4.045
7.704,4.067
7.704,4.083
7.704,4.097
7.704,4.097
7.704,4.127
7.704,4.127
7.704,4.113
7.704,4.110
7.704,4.099
7.704,4.088
7.704,4.088
7.704,4.082
7.704,4.075
7.704,4.075
7.704,4.056
7.704,4.056
7.704,4.056
7.704,4.045
7.704,4.045
7.704,4.032
7.704,4.032
7.704,4.029
7.704,4.029
7.704,4.023
7.704,4.023
7.704,4.017
7.704,4.016
7.704,4.016
7.704,4.002
7.704,4.002
7.704,3.987
7.704,3.978
7.704,3.962
7.704,3.944
7.704,3.944
7.704,3.933
7.704,3.920
7.704,3.905
7.704,3.874
7.704,3.854
7.704,3.854
7.704,3.839
7.704,3.826
7.704,3.803
7.704,3.797
7.704,3.775
7.704,3.763
7.706,3.741
7.710,3.736
7.710,3.714
7.710,3.701
7.715,3.682
7.716,3.674
7.721,3.648
7.723,3.636
7.725,3.623
7.736,3.608
7.738,3.597
7.738,3.582
7.748,3.571
7.759,3.556
7.759,3.537
7.769,3.519
7.775,3.518
7.788,3.493
7.788,3.486
7.794,3.467
7.811,3.454
7.824,3.437
7.824,3.429
7.837,3.404
7.845,3.394
7.864,3.386
7.864,3.369
7.873,3.351
7.904,3.344
7.904,3.333
7.905,3.311
7.926,3.311
7.948,3.295
7.948,3.284
7.952,3.275
7.952,3.261
7.952,3.260
7.952,3.242
7.952,3.239
7.952,3.226
7.952,3.220
7.952,3.208
7.952,3.201
7.952,3.201
7.952,3.186
7.952,3.180
7.952,3.166
7.952,3.154
7.952,3.139
7.952,3.134
7.952,3.119
7.952,3.115
7.952,3.095
7.952,3.095
7.952,3.072
7.952,3.072
7.952,3.065
7.952,3.054
7.952,3.046
7.952,3.033
7.952,3.020
7.952,3.020
7.952,2.949
7.952,2.923
7.952,2.903
7.952,2.892
7.952,2.875
7.952,2.861
7.952,2.847
7.952,2.829
7.952,2.809
7.952,2.798
7.952,2.788
7.952,2.777
7.952,2.761
7.952,2.755
7.952,2.743
7.952,2.734
7.952,2.715
7.952,2.711
7.952,2.703
7.952,2.694
7.952,2.689
7.952,2.681
7.952,2.676
7.952,2.670
7.952,2.663
7.952,2.658
7.952,2.655
7.952,2.651
7.952,2.648
7.952,2.645
7.952,2.642
7.952,2.639
7.952,2.636
7.952,2.634
7.952,2.632
7.952,2.631
7.952,2.630
7.952,2.629
7.952,2.629
7.952,2.629
7.952,2.629
7.952,2.629
7.952,2.629
7.952,2.629
7.952,2.629
7.956,2.629
7.956,2.629
7.956,2.629
7.960,2.629
7.960,2.629
7.960,2.629
7.966,2.629
7.966,2.629
7.972,2.629
7.972,2.629
7.975,2.629
7.975,2.629
7.984,2.629
7.984,2.629
7.984,2.629
7.992,2.629
7.997,2.629
8.002,2.629
8.011,2.629
8.011,2.629
8.018,2.629
8.019,2.629
8.019,2.629
8.033,2.629
8.040,2.629
8.040,2.629
8.054,2.629
8.054,2.629
8.074,2.629
8.074,2.629
8.085,2.629
8.085,2.629
8.105,2.629
8.108,2.629
8.124,2.629
8.131,2.629
8.131,2.629
8.144,2.629
8.154,2.629
8.154,2.629
8.178,2.629
8.181,2.629
8.181,2.629
8.204,2.629
8.204,2.629
8.227,2.629
8.227,2.629
8.238,2.629
8.238,2.629
8.253,2.629
8.253,2.629
8.272,2.629
8.276,2.629
8.276,2.629
8.296,2.629
8.296,2.629
8.303,2.629
8.315,2.629
8.329,2.629
8.342,2.629
8.342,2.629
8.356,2.629
8.367,2.629
8.382,2.629
8.387,2.629
8.406,2.629
8.406,2.629
8.423,2.629
8.431,2.629
8.455,2.629
8.462,2.629
8.482,2.629
8.490,2.629
8.515,2.629
8.516,2.629
8.543,2.629
8.556,2.629
8.569,2.629
8.583,2.629
8.604,2.629
8.618,2.629
8.631,2.629
8.648,2.629
8.656,2.629
8.673,2.629
8.681,2.629
8.700,2.629
8.719,2.629
8.733,2.629
8.739,2.629
8.759,2.629
8.771,2.629
8.791,2.629
8.798,2.629
8.818,2.629
8.830,2.629
8.850,2.629
8.865,2.629
8.877,2.629
8.892,2.629
8.912,2.629
8.925,2.629
8.939,2.629
8.959,2.629
8.965,2.629
8.979,2.629
8.992,2.629
9.011,2.629
9.025,2.629
9.031,2.629
9.058,2.629
9.066,2.629
9.072,2.629
9.093,2.629
9.114,2.629
9.129,2.629
9.130,2.629
9.131,2.629
9.152,2.629
9.167,2.629
9.181,2.629
9.196,2.629
9.203,2.629
9.231,2.629
9.231,2.629
9.264,2.629
9.264,2.629
9.291,2.629
9.291,2.629
9.297,2.629
9.314,2.629
6.983,2.629
6.983,2.629
6.983,2.629
6.983,2.629
6.983,2.629
6.980,2.629
6.980,2.629
6.980,2.629
6.980,2.629
6.980,2.629
6.980,2.629
6.980,2.629
6.980,2.629
6.980,2.629
6.980,2.629
6.980,2.629
6.980,2.629
6.980,2.629
6.980,2.629
6.980,2.629
6.980,2.629
6.980,2.629
6.980,2.629
6.980,2.629
6.980,2.629
6.980,2.629
6.980,2.629
6.980,2.629
6.980,2.629
6.980,2.629
6.980,2.629
6.980,2.629
6.980,2.629
6.980,2.629
6.980,2.629
6.980,2.629
6.980,2.629
6.980,2.629
6.980,2.629
6.980,2.629
6.980,2.629
6.980,2.629
6.980,2.630
6.980,2.630
6.980,2.632
6.980,2.635
6.980,2.637
6.980,2.639
6.980,2.642
6.980,2.647
6.980,2.654
6.980,2.657
6.980,2.661
6.980,2.670
6.980,2.676
6.980,2.680
6.980,2.687
6.980,2.700
6.980,2.705
6.980,2.708
6.980,2.718
6.980,2.727
6.980,2.738
6.980,2.743
6.980,2.745
6.980,2.746
6.980,2.748
6.980,2.749
6.980,2.753
6.980,2.756
6.980,2.757
6.980,2.759
6.980,2.761
6.980,2.762
6.980,2.763
6.980,2.764
6.980,2.766
6.980,2.767
6.980,2.769
6.980,2.771
6.980,2.772
6.980,2.774
6.980,2.776
6.980,2.778
6.980,2.781
6.980,2.782
6.980,2.786
6.980,2.788
6.980,2.789
6.980,2.789
6.980,2.791
6.980,2.793
6.980,2.795
6.980,2.798
6.980,2.802
6.980,2.806
6.980,2.810
6.980,2.816
6.980,2.818
6.980,2.824
6.980,2.829
6.980,2.833
6.980,2.838
6.980,2.842
6.980,2.849
6.980,2.852
6.980,2.857
6.980,2.866
6.980,2.867
6.980,2.875
6.980,2.880
6.980,2.885
6.980,2.891
6.980,2.895
6.980,2.902
6.980,2.910
6.980,2.916
6.980,2.925
6.980,2.925
6.980,2.939
6.980,2.942
6.980,2.953
6.980,2.953
6.980,2.960
6.980,2.967
6.980,2.979
6.980,2.986
6.980,2.998
6.980,3.005
6.980,3.013
6.980,3.022
6.980,3.028
6.980,3.034
6.980,3.037
6.980,3.049
6.980,3.055
6.980,3.067
6.980,3.075
6.980,3.084
6.980,3.094
6.980,3.104
6.980,3.111
6.980,3.125
6.980,3.138
6.980,3.149
6.980,3.161
6.980,3.175
6.980,3.182
6.980,3.186
6.980,3.198
6.980,3.213
6.980,3.220
6.980,3.231
6.980,3.236
6.980,3.240
6.980,3.240
6.980,3.248
6.980,3.256
6.980,3.256
6.980,3.270
6.980,3.273
6.980,3.284
6.980,3.289
6.980,3.304
6.980,3.304
6.980,3.314
6.980,3.320
6.980,3.332
6.980,3.332
6.980,3.350
6.980,3.361
6.980,3.371
6.980,3.371
6.980,3.392
6.980,3.403
6.980,3.428
6.980,3.431
6.980,3.453
6.980,6.870
6.980,6.870
6.980,6.876
6.980,6.876
6.980,6.876
6.980,6.876
6.980,6.876
7.037,6.887
7.037,6.887
7.111,6.896
7.111,6.896
7.111,6.896
7.111,6.902
7.111,6.902
7.144,6.919
7.144,6.919
9.555,6.943
9.563,6.950
9.563,6.950
9.563,6.950
9.630,6.965
9.630,6.965
9.630,6.965
4.072,6.965
4.072,7.001
4.052,7.001
4.042,7.001
4.032,7.001
4.032,7.013
4.016,7.013
4.016,7.013
4.016,7.027
3.998,7.027
3.998,7.027
3.992,4.246
3.980,4.222
3.980,4.213
3.980,4.213
3.976,4.168
3.976,4.149
3.976,4.149
3.976,4.149
3.975,4.107
3.975,4.090
3.975,4.090
3.975,4.090
3.975,4.064
3.975,4.064
3.975,4.062
3.975,4.054
3.975,4.036
3.975,4.036
3.975,4.019
3.975,4.019
3.975,4.010
3.975,4.010
3.975,4.001
3.975,4.001
3.975,4.001
3.975,3.982
3.975,3.982
3.975,3.969
3.975,3.961
2.690,3.947
2.690,3.947
2.690,3.944
2.669,3.939
2.662,3.939
2.662,3.939
2.638,3.937
2.638,3.937
2.609,3.937
2.609,3.937
2.601,3.937
2.601,3.937
2.597,3.937
2.597,3.937
2.583,2.793
2.583,2.793
2.570,2.744
2.570,2.744
2.558,2.713
2.558,2.713
2.558,2.699
2.522,2.661
2.522,2.661
2.516,2.643
2.481,2.618
2.462,2.604
2.457,2.590
2.457,2.590
2.438,2.574
2.438,2.574
2.438,2.574
2.438,2.564
2.402,2.546
2.402,2.546
2.402,2.537
2.398,2.533
2.386,2.531
2.366,2.519
2.366,2.519
2.366,2.519
2.337,2.508
2.337,2.508
2.316,2.487
2.316,2.487
2.316,2.477
2.306,2.466
2.282,2.442
2.282,2.442
2.282,2.433
2.273,2.419
2.268,2.411
2.257,2.393
2.257,2.393
2.256,2.384
2.252,2.376
2.244,2.357
2.244,2.357
2.243,2.353
2.235,2.333
2.235,2.333
2.235,2.330
2.233,2.322
2.230,2.296
2.230,2.296
2.230,2.285
2.229,2.279
2.229,2.268
2.228,2.261
2.228,2.253
2.228,2.246
2.228,2.239
2.228,2.233
2.228,2.225
2.228,2.220
2.228,2.216
2.228,2.212
2.228,2.208
2.228,2.204
2.228,2.201
2.228,2.196
2.228,2.193
2.228,2.190
2.228,2.187
2.228,2.185
2.228,2.183
2.228,2.180
2.228,2.178
2.228,2.177
2.228,2.176
2.228,2.176
2.228,2.175
2.228,2.175
2.228,2.175
2.228,2.175
2.228,2.175
2.228,2.175
2.228,2.175
2.228,2.175
2.228,2.175
2.228,2.175
2.228,2.175
2.228,2.175
2.228,2.175
2.228,2.175
2.228,2.175
2.228,2.175
2.228,2.175
2.228,2.175
2.228,2.175
2.228,2.175
2.228,2.175
2.228,2.175
2.228,2.175
2.228,2.175
2.228,2.175
2.228,2.175
2.228,2.175
2.228,2.175
2.228,2.175
2.228,2.175
2.228,2.175
2.228,2.175
2.228,2.175
2.228,2.175
2.228,2.175
2.228,2.175
2.228,2.175
2.228,2.175
2.228,2.175
2.228,2.175
2.228,2.175
2.228,2.175
2.228,2.175
2.228,2.175
2.228,2.175
2.228,2.175
2.228,2.175
2.228,2.175
2.228,2.175
2.228,2.175
2.228,2.175
2.228,2.175
2.228,2.175
2.228,2.175
2.228,2.175
2.228,2.175
2.228,2.175
2.228,2.175
2.228,2.175
2.228,2.175
2.228,2.175
2.228,2.175
2.228,2.175
2.228,2.175
2.228,2.175
2.228,2.175
2.228,2.175
2.228,2.175
2.228,2.175
2.228,2.175
2.228,2.175
2.228,2.175
2.228,2.175
2.228,2.175
2.228,2.175
2.228,2.175
2.228,2.175
2.228,2.175
2.228,2.175
2.228,2.175
2.228,2.175
2.228,2.175
2.228,2.175
2.208,2.175
2.202,2.175
2.184,2.175
2.184,2.175
2.160,2.175
2.154,2.175
2.152,2.175
2.152,2.175
2.128,2.175
2.111,2.175
2.107,2.175
2.092,2.175
2.084,2.175
2.075,2.175
2.059,2.175
2.052,2.175
2.052,2.175
2.037,2.175
2.028,2.175
2.028,2.175
2.008,2.175
2.004,2.175
2.004,2.150
1.996,2.150
1.989,2.150
1.983,2.140
1.983,2.119
1.973,2.119
1.964,2.119
1.959,2.104
1.951,2.078
1.948,2.078
1.948,2.071
1.941,2.065
1.936,2.053
1.933,2.040
1.927,2.035
1.927,2.022
1.922,2.011
1.921,2.006
1.921,1.995
1.918,1.989
1.917,1.978
1.917,1.978
1.917,1.972
1.917,1.963
1.917,1.957
1.917,1.948
1.917,1.948
1.917,1.944
1.917,1.944
1.917,1.933
1.917,1.929
1.917,1.926
1.917,1.921
1.917,1.918
1.917,1.914
1.917,1.914
1.917,1.908
1.917,1.906
1.917,1.904
1.917,1.901
1.917,1.899
1.917,1.899
1.917,1.898
1.917,1.897
1.917,1.896
1.917,1.896
1.917,1.896
1.917,1.896
1.917,1.896
1.917,1.896
1.917,1.896
1.917,1.896
1.917,1.896
1.917,1.896
1.917,1.896
1.917,1.896
1.917,1.896
1.917,1.896
1.917,1.896
1.917,1.896
1.917,1.896
1.917,1.896
1.917,1.896
1.917,1.896
1.917,1.896
1.917,1.896
1.917,1.896
1.917,1.896
1.917,1.896
1.917,1.896
1.917,1.896
1.917,1.896
1.917,1.896
1.917,1.896
1.917,1.896
1.917,1.896
1.917,1.896
1.917,1.896
1.917,1.896
1.917,1.896
1.917,1.896
1.917,1.896
1.917,1.896
1.917,1.896
1.917,1.896
1.917,1.896
1.917,1.896
1.917,1.896
1.917,1.896
1.917,1.896
1.917,1.896
1.917,1.896
1.917,1.896
1.917,1.896
1.917,1.896
1.917,1.896
1.917,1.896
1.917,1.896
1.917,1.896
1.917,1.896
1.917,1.896
1.917,1.896
1.917,1.896
1.917,1.896
1.917,1.896
1.917,1.896
1.917,1.896
1.917,1.896
1.917,1.896
1.917,1.896
1.917,1.896
1.917,1.896
1.917,1.896
1.917,1.896
1.917,1.896
1.917,1.896
1.917,1.896
1.917,1.896
1.917,1.896
1.917,1.896
1.917,1.896
1.917,1.896
1.917,1.896
1.917,1.896
1.917,1.896
1.917,1.896
1.917,1.896
1.917,1.896
1.917,1.896
1.917,1.896
1.917,1.896
1.917,1.896
1.917,1.896
1.917,1.896
1.917,1.896
1.917,1.896
1.917,1.896
1.917,1.896
1.917,1.896
1.917,1.896
1.917,1.896
1.917,1.896
1.917,1.896
1.917,1.896
1.917,1.896
1.917,1.896
1.917,1.896
1.917,1.896
1.917,1.896
1.917,1.896
1.917,1.896
1.917,1.896
1.917,1.896
1.917,1.896
1.917,1.896
1.917,1.896
1.917,1.896
1.917,1.896
1.917,1.896
1.917,1.896
1.917,1.896
1.917,1.896
1.917,1.896
1.917,1.896
1.917,1.896
1.917,1.896
1.917,1.896
1.917,1.896
1.917,1.896
1.917,1.896
1.917,1.896
1.917,1.896
1.917,1.896
1.917,1.896
1.917,1.896
1.917,1.896
1.917,1.896
1.917,1.896
1.917,1.896
1.917,1.896
1.917,1.896
1.917,1.896
1.917,1.896
1.917,1.896
1.917,1.896
1.917,1.896
1.917,1.896
1.917,1.896
1.917,1.896
1.917,1.896
1.917,1.896
1.917,1.896
1.917,1.896
1.917,1.896
1.917,1.896
1.917,1.896
1.917,1.896
1.917,1.896
1.917,1.896
1.917,1.896
1.917,1.896
1.917,1.896
1.917,1.896
1.917,1.896
1.918,1.896
1.919,1.896
1.920,1.896
1.920,1.896
1.921,1.896
1.922,1.896
1.924,1.896
1.924,1.896
1.924,1.896
1.924,1.896
1.924,1.896
1.924,1.896
1.924,1.896
1.925,1.896
1.925,1.896
1.925,1.896
1.926,1.896
1.927,1.896
1.928,1.896
1.930,1.896
1.933,1.896
1.934,1.896
1.937,1.897
1.940,1.897
1.949,1.897
1.949,1.897
1.957,1.898
1.959,1.898
1.965,1.898
1.972,1.898
1.979,1.898
1.986,1.898
1.994,1.898
1.998,1.898
2.006,1.898
2.019,1.898
2.024,1.898
2.034,1.898
2.044,1.898
2.054,1.898
2.070,1.899
2.003,1.902
1.976,1.903
1.934,1.905
1.918,1.908
1.903,1.913
1.882,1.915
1.879,1.920
1.853,1.924
1.842,1.932
1.826,1.935
1.812,1.941
1.801,1.947
1.787,1.954
1.774,1.962
1.758,1.969
1.755,1.977
1.734,1.986
1.730,1.995
1.719,2.004
1.708,2.014
1.700,2.029
1.683,2.035
1.674,2.051
1.666,2.046
1.657,1.992
1.652,1.938
1.641,1.887
1.638,1.853
1.630,1.843
1.628,1.831
1.626,1.817
1.620,1.801
1.614,1.787
1.612,1.772
1.608,1.764
1.605,1.748
1.603,1.745
1.601,1.728
1.600,1.713
1.593,1.708
1.588,1.692
1.582,1.676
1.582,1.672
1.580,1.664
1.573,1.647
1.573,1.647
1.572,1.638
1.570,1.632
1.568,1.625
1.567,1.618
1.566,1.610
1.566,1.605
1.566,1.602
1.566,1.597
1.566,1.590
1.566,1.586
1.566,1.580
1.566,1.578
1.566,1.573
1.566,1.572
1.566,1.564
1.566,1.560
1.566,1.555
1.566,1.545
1.566,1.543
1.566,1.537
1.566,1.535
1.566,1.531
1.566,1.527
1.566,1.524
1.566,1.522
1.566,1.519
1.566,1.518
1.566,1.518
1.566,1.518
1.566,1.518
1.566,1.518
1.566,1.518
1.566,1.518
1.566,1.518
1.566,1.518
1.566,1.518
1.566,1.518
1.566,1.518
1.566,1.518
1.566,1.518
1.566,1.518
1.566,1.518
1.566,1.518
1.566,1.518
1.566,1.518
1.566,1.518
1.566,1.518
1.566,1.518
1.566,1.518
1.566,1.518
1.566,1.518
1.566,1.518
1.566,1.518
1.566,1.518
1.566,1.518
1.566,1.518
1.566,1.518
1.566,1.518
1.566,1.518
1.566,1.518
1.566,1.518
1.566,1.518
1.566,1.518
1.566,1.518
1.566,1.518
1.566,1.518
1.566,1.518
1.566,1.518
1.566,1.518
1.566,1.518
1.566,1.518
1.566,1.518
1.566,1.518
1.566,1.518
1.566,1.518
1.566,1.518
1.566,1.518
1.566,1.518
1.566,1.518
1.566,1.518
1.566,1.518
1.566,1.518
1.566,1.518
1.566,1.518
1.566,1.518
1.566,1.518
1.566,1.518
1.566,1.518
1.566,1.518
1.566,1.518
1.566,1.518
1.566,1.518
1.566,1.518
1.566,1.518
1.566,1.518
1.566,1.518
1.566,1.518
1.566,1.518
1.566,1.518
1.566,1.518
1.566,1.518
1.566,1.518
1.566,1.518
1.566,1.518
1.566,1.518
1.566,1.518
1.566,1.518
1.566,1.518
1.566,1.518
1.566,1.518
1.566,1.518
1.566,1.518
1.566,1.518
1.566,1.518
1.566,1.518
1.566,1.518
1.566,1.518
1.566,1.518
1.566,1.518
1.566,1.518
1.566,1.518
1.566,1.518
1.566,1.518
1.566,1.518
1.566,1.518
1.566,1.518
1.566,1.518
1.566,1.518
1.566,1.518
1.566,1.518
1.566,1.518
1.566,1.518
1.566,1.518
1.566,1.518
1.566,1.518
1.566,1.518
1.566,1.518
1.566,1.518
1.566,1.518
1.566,1.518
1.566,1.518
1.566,1.518
1.566,1.518
1.566,1.518
1.566,1.518
1.566,1.518
1.566,1.518
1.566,1.518
1.566,1.518
1.566,1.518
1.566,1.518
1.566,1.518
1.566,1.518
1.566,1.518
1.566,1.518
1.566,1.518
1.566,1.518
1.566,1.518
1.566,1.518
1.566,1.518
1.566,1.518
1.566,1.518
1.566,1.518
1.566,1.518
1.566,1.518
1.566,1.518
1.566,1.518
1.566,1.518
1.566,1.518
1.566,1.518
1.566,1.518
1.566,1.518
1.566,1.518
1.566,1.518
1.566,1.518
1.566,1.518
1.566,1.518
1.566,1.518
1.566,1.518
1.566,1.518
1.566,1.518
1.566,1.518
1.566,1.518
1.566,1.518
1.566,1.518
1.567,1.518
1.567,1.518
1.569,1.518
1.570,1.518
1.573,1.518
1.573,1.518
1.578,1.518
1.580,1.518
1.585,1.518
1.587,1.518
1.591,1.518
1.596,1.518
1.605,1.518
1.610,1.518
1.616,1.518
1.622,1.518
1.630,1.518
1.643,1.518
1.650,1.518
1.656,1.518
1.672,1.518
1.676,1.518
1.692,1.518
1.702,1.518
1.715,1.521
1.726,1.522
1.736,1.522
1.751,1.527
1.763,1.533
1.773,1.537
1.792,1.541
1.812,1.550
1.812,1.553
1.851,1.562
1.865,1.566
1.825,1.577
1.825,1.585
1.819,1.596
1.814,1.604
1.803,1.619
1.787,1.628
1.762,1.633
1.762,1.647
1.757,1.657
1.748,1.668
1.720,1.686
1.720,1.686
1.702,1.709
1.702,1.718
1.702,1.736
1.693,1.751
1.672,1.762
1.672,1.775
1.668,1.775
1.660,1.777
1.653,1.777
1.648,1.777
1.640,1.777
1.637,1.777
1.630,1.777
1.630,1.777
1.626,1.777
1.626,1.777
1.624,1.777
1.624,1.777
1.624,1.777
1.624,1.777
1.624,1.777
1.624,1.777
1.624,1.777
1.624,1.777
1.624,1.777
1.624,1.777
1.624,1.777
1.624,1.777
1.624,1.777
1.624,1.777
1.624,1.777
1.624,1.777
1.624,1.777
1.624,1.777
1.624,1.777
1.624,1.777
1.624,1.777
1.624,1.777
1.624,1.777
1.624,1.777
1.624,1.777
1.624,1.777
1.624,1.777
1.624,1.777
1.624,1.777
1.624,1.777
1.624,1.777
1.624,1.777
1.624,1.777
1.624,1.777
1.624,1.777
1.624,1.777
1.624,1.777
1.624,1.777
1.624,1.777
1.624,1.777
1.624,1.777
1.624,1.777
1.624,1.777
1.624,1.777
1.624,1.777
1.624,1.777
1.624,1.777
1.624,1.777
1.624,1.777
1.624,1.777
1.624,1.777
1.624,1.777
1.624,1.777
1.624,1.777
1.624,1.777
1.624,1.777
1.624,1.777
1.624,1.777
1.624,1.777
1.624,1.777
1.624,1.777
1.624,1.777
1.624,1.777
1.624,1.777
1.624,1.777
1.624,1.777
1.624,1.777
1.624,1.777
1.624,1.777
1.624,1.777
1.624,1.777
1.624,1.777
1.624,1.777
1.624,1.777
1.624,1.777
1.624,1.777
1.624,1.777
1.624,1.777
1.624,1.777
1.624,1.777
1.624,1.777
1.624,1.777
1.624,1.777
1.624,1.777
1.624,1.777
1.624,1.777
1.624,1.777
1.624,1.777
1.624,1.777
1.624,1.777
1.624,1.777
1.624,1.777
1.624,1.777
1.624,1.777
1.624,1.777
1.624,1.777
1.624,1.777
1.624,1.777
1.624,1.777
1.624,1.777
1.624,1.777
1.624,1.777
1.624,1.777
1.624,1.777
1.624,1.777
1.624,1.777
1.624,1.777
1.624,1.777
1.624,1.777
1.624,1.777
1.624,1.777
1.624,1.777
1.624,1.777
1.624,1.777
1.624,1.777
1.624,1.777
1.624,1.777
1.624,1.777
1.624,1.777
1.624,1.777
1.624,1.777
1.624,1.777
1.624,1.808
1.624,2.002
1.624,2.003
1.624,2.003
1.624,2.003
1.624,2.003
1.624,2.003
1.624,2.003
1.624,2.003
1.624,2.003
1.624,2.003
1.624,2.003
1.624,2.003
1.624,2.003
1.624,2.006
1.624,2.006
1.624,2.006
1.624,2.006
1.624,2.006
1.624,2.008
1.624,2.008
1.624,2.009
1.624,2.009
1.624,2.009
1.624,2.012
1.624,2.012
1.624,2.012
1.624,2.012
1.624,2.012
1.624,2.012
1.624,2.018
1.624,2.018
1.624,2.019
1.624,2.019
1.624,2.021
1.624,2.025
1.624,2.029
1.624,2.029
1.624,2.032
1.624,2.035
1.624,2.044
1.624,2.044
1.624,2.053
1.624,2.053
1.624,2.053
1.624,2.057
1.624,2.068
1.624,2.068
1.624,2.070
1.624,2.076
1.624,2.081
1.624,2.047
1.624,2.047
1.624,2.047
1.624,2.047
1.624,1.948
1.624,1.906
1.624,1.896
1.624,1.896
1.626,1.896
1.627,1.866
1.627,1.798
1.631,1.798
1.634,1.798
1.638,1.789
1.642,1.736
1.647,1.736
1.652,1.736
1.660,1.695
1.662,1.695
1.670,1.651
1.680,1.651
1.693,1.644
1.708,1.604
1.708,1.604
1.733,1.590
1.743,1.559
1.764,1.559
1.764,1.559
1.776,1.529
1.793,1.529
1.880,1.496
1.880,1.496
1.880,1.496
2.164,1.491
2.178,1.457
2.200,1.457
2.200,1.457
2.223,1.431
2.237,1.414
2.272,1.414
2.325,1.414
5.412,1.398
5.412,1.398
5.412,1.398
5.412,1.369
5.412,1.369
5.412,1.369
5.412,1.369
5.412,1.366
5.412,1.356
5.412,1.351
5.412,1.343
5.412,1.338
5.412,1.333
5.412,1.326
5.412,1.321
5.412,1.316
5.412,1.314
5.412,1.314
5.412,1.314
5.412,1.295
5.412,1.292
5.412,1.292
5.412,1.292
5.412,1.286
5.412,1.286
5.412,1.282
5.412,1.282
5.412,1.281
5.412,1.281
5.412,1.281
5.412,1.281
5.412,1.281
5.412,1.281
5.412,1.281
5.412,1.281
5.412,1.281
5.412,1.281
5.412,1.281
5.412,1.281
5.412,1.281
5.412,1.281
5.412,1.281
5.412,1.281
5.412,1.281
5.412,1.281
5.412,1.281
5.412,1.281
5.412,1.281
5.412,1.281
5.412,1.281
5.412,1.281
5.412,1.281
5.412,1.281
5.412,1.281
5.412,1.281
5.412,1.281
5.412,1.281
5.412,1.281
5.412,1.281
5.412,1.281
5.412,1.281
5.412,1.281
5.412,1.281
5.412,1.281
5.412,1.281
5.412,1.281
5.412,1.281
5.412,1.281
5.412,1.281
5.412,1.281
5.412,1.281
5.412,1.281
5.412,1.281
5.412,1.281
5.412,1.281
5.412,1.281
5.412,1.281
5.412,1.281
5.412,1.281
5.412,1.281
5.412,1.281
5.412,1.281
5.412,1.281
5.412,1.281
5.412,1.281
5.412,1.281
5.412,1.281
5.412,1.281
5.412,1.281
5.412,1.281
5.412,1.281
5.412,1.281
5.412,1.281
5.412,1.281
5.412,1.281
5.412,1.281
5.412,1.281
5.412,1.281
5.412,1.281
5.412,1.281
5.412,1.281
5.412,1.281
5.412,1.281
5.412,1.281
5.412,1.281
5.412,1.281
5.405,1.281
5.405,1.281
5.383,1.281
5.383,1.281
5.370,1.281
5.362,1.281
5.362,1.281
5.342,1.281
5.342,1.281
5.325,1.281
5.325,1.281
5.300,1.281
5.300,1.281
5.281,1.281
5.281,1.281
5.250,1.281
5.250,1.281
5.238,1.281
5.238,1.281
5.210,1.281
5.210,1.281
5.188,1.281
5.188,1.281
5.150,1.281
5.135,1.281
5.135,1.281
5.116,1.281
5.116,1.281
5.084,1.281
5.084,1.281
5.050,1.281
5.050,1.281
5.047,1.281
5.047,1.281
5.017,1.281
5.017,1.281
5.003,1.281
5.003,1.281
5.003,1.281
5.000,1.281
4.996,1.281
4.996,1.281
4.996,1.281
4.996,1.281
4.996,1.281
4.996,1.281
4.996,1.281
4.996,1.281
4.996,1.281
4.996,1.281
4.996,1.281
4.996,1.281
4.996,1.281
4.996,1.281
4.996,1.281
4.996,1.281
4.996,1.281
4.996,1.281
4.996,1.281
4.996,1.281
4.996,1.281
4.996,1.281
4.996,1.281
4.996,1.281
4.996,1.281
4.996,1.281
4.996,1.281
4.996,1.281
4.996,1.227
4.996,1.201
4.996,1.166
4.996,1.142
4.996,1.135
4.996,1.121
4.996,1.115
4.996,1.086
4.996,1.086
4.755,1.075
4.722,1.061
4.712,1.057
4.668,1.042
4.668,1.042
4.635,1.033
4.612,1.027
4.569,1.017
4.569,1.017
4.545,1.012
4.521,1.008
4.513,1.003
4.505,0.997
4.480,0.992
4.473,0.988
4.466,0.984
4.458,0.979
4.450,0.975
4.433,0.972
4.402,0.969
4.381,0.968
4.372,0.968
4.363,0.968
4.348,0.968
4.341,0.968
4.313,0.968
4.308,0.968
4.293,0.968
4.284,0.968
4.275,0.968
4.270,0.968
4.015,0.968
3.983,0.968
3.948,0.968
3.913,0.968
3.873,0.968
3.851,0.968
3.834,0.968
3.831,0.968
3.809,0.968
3.800,0.968
3.785,0.968
3.779,0.968
3.757,0.968
3.743,0.968
3.743,0.968
3.718,0.968
3.706,0.968
3.694,0.968
3.694,0.968
3.661,0.968
3.656,0.968
3.647,0.968
3.630,0.968
3.610,0.968
3.610,0.968
3.591,0.968
3.573,0.968
3.573,0.968
3.555,0.968
3.547,0.968
3.538,0.968
3.530,0.968
3.514,0.968
3.506,0.968
3.498,0.968
3.491,0.968
3.476,0.968
3.469,0.968
3.463,0.968
3.456,0.968
3.449,0.968
3.437,0.968
3.431,0.968
3.425,0.968
3.414,0.968
3.414,0.968
3.403,0.968
3.398,0.968
3.393,0.968
3.389,0.968
3.380,0.968
3.380,0.968
3.376,0.968
3.368,0.968
3.364,0.968
3.361,0.968
3.354,0.968
3.351,0.968
3.348,0.968
3.348,0.968
3.344,0.968
3.342,0.968
3.342,0.968
3.340,0.968
3.338,0.968
3.337,0.968
3.336,0.968
3.335,0.968
3.334,0.968
3.334,0.968
3.334,0.968
3.334,0.968
3.334,0.968
3.334,0.968
3.334,0.968
3.334,0.968
3.334,0.968
3.334,0.968
3.334,0.968
3.334,0.968
3.334,0.968
3.334,0.968
3.334,0.968
3.334,0.968
3.334,0.968
3.334,0.968
3.334,0.968
3.334,0.968
3.334,0.968
3.334,0.968
3.334,0.968
3.334,0.968
3.334,0.968
3.334,0.968
3.334,0.968
3.334,0.968
3.334,0.968
3.334,0.968
3.334,0.968
3.334,0.968
3.334,0.968
3.334,0.968
3.334,0.968
3.334,0.968
3.334,0.968
3.334,0.968
3.334,0.968
3.334,0.968
3.334,0.968
3.334,0.968
3.334,0.968
3.334,0.968
3.334,0.968
3.334,0.968
3.334,0.968
3.334,0.968
3.334,0.968
3.334,0.968
3.334,0.968
3.334,0.968
3.334,0.968
3.334,0.968
3.334,0.968
3.334,0.968
3.334,0.968
3.334,0.968
3.334,0.968
3.334,0.968
3.334,0.968
3.334,0.968
3.334,0.968
3.334,0.968
3.334,0.968
3.334,0.968
3.334,0.968
3.334,0.968
3.334,0.968
3.334,0.968
3.334,0.968
3.334,0.968
3.334,0.968
3.334,0.968
3.334,0.968
3.334,0.968
3.334,0.968
3.334,0.968
3.334,0.968
3.334,0.968
3.334,0.968
3.334,0.968
3.334,0.968
3.334,0.968
3.334,0.968
3.334,0.968
3.334,0.968
3.334,0.968
3.334,0.968
3.334,0.968
3.334,0.968
3.334,0.968
3.334,0.968
3.334,0.968
3.334,0.968
3.334,0.968
3.334,0.968
3.334,0.968
3.334,0.968
3.334,0.968
3.334,0.968
3.334,0.968
3.334,0.968
3.334,0.969
3.334,0.973
3.334,0.975
3.334,0.981
3.334,0.984
3.334,0.993
3.334,1.001
3.334,1.011
3.334,1.014
3.334,1.030
3.334,1.040
3.334,1.054
3.334,1.068
3.334,1.084
3.334,1.114
3.334,1.177
3.334,1.236
3.334,1.299
3.334,1.363
3.334,1.422
3.334,1.485
3.334,1.548
3.334,1.607
3.334,1.641
3.334,1.732
3.334,1.761
3.334,1.851
3.334,1.879
3.334,1.967
3.334,1.999
3.334,2.086
3.334,2.114
3.334,2.201
3.334,2.260
3.334,2.315
3.334,2.401
3.334,2.432
3.334,2.517
3.334,2.544
3.334,2.602
3.334,2.656
3.334,2.713
3.334,2.770
3.334,2.824
3.334,2.881
3.334,2.937
3.334,2.991
3.334,3.047
3.334,3.103
3.334,3.156
3.334,3.212
3.334,3.268
3.334,3.321
3.334,3.377
3.334,3.433
3.334,3.486
3.334,3.516
3.334,3.599
3.334,3.626
3.334,3.664
3.334,3.664
3.334,3.664
3.334,3.664
3.334,3.664
3.334,3.664
3.334,3.664
3.334,3.664
3.334,3.664
3.334,3.664
3.334,3.664
3.334,3.664
3.334,3.664
3.334,3.664
3.334,3.664
3.334,3.664
3.334,3.664
3.334,3.664
3.334,3.664
3.334,3.664
3.334,3.664
3.334,3.664
3.334,3.664
3.335,3.664
3.335,3.664
3.335,3.664
3.335,3.664
3.335,3.664
3.335,3.664
3.336,3.664
3.336,3.664
3.336,3.664
3.336,3.664
3.336,3.664
3.336,3.664
3.336,3.664
3.336,3.664
3.336,3.664
3.336,3.664
3.336,3.665
3.337,3.666
3.338,3.667
3.339,3.668
3.343,3.669
3.343,3.669
3.345,3.672
3.345,3.674
3.349,3.677
3.352,3.679
3.354,3.682
3.363,3.685
3.363,3.688
3.367,3.695
3.370,3.695
3.374,3.698
3.378,3.705
3.383,3.710
3.396,3.716
3.396,3.720
3.401,3.731
3.407,3.731
3.412,3.736
3.417,3.736
3.423,3.742
3.435,3.754
3.435,3.754
3.448,3.774
3.450,3.774
3.462,3.781
3.476,3.788
3.483,3.795
3.483,3.803
3.491,3.818
3.499,3.818
3.515,3.826
3.523,3.835
3.532,3.846
3.540,3.852
3.567,3.870
3.567,3.870
3.577,3.889
3.586,3.889
3.606,3.918
3.606,3.918
3.626,3.929
3.626,3.929
3.647,3.960
3.651,3.960
3.668,3.971
3.689,3.980
3.690,3.997
3.701,4.005
3.713,4.017
3.736,4.028
3.748,4.052
3.761,4.052
3.772,4.065
3.784,4.077
3.796,4.103
3.822,4.112
3.822,4.115
3.840,4.142
3.902,4.142
3.961,4.155
4.210,4.169
4.224,4.196
4.252,4.196
4.252,4.213
4.262,4.276
4.247,4.335
4.245,4.369
4.239,4.372
4.233,4.372
4.233,4.375
4.228,4.379
4.225,4.387
4.225,4.387
4.225,4.391
4.225,4.396
4.225,4.396
4.225,4.406
4.225,4.406
4.225,4.411
4.225,4.429
4.225,4.429
4.225,4.429
4.225,4.435
4.225,4.442
4.225,4.449
4.225,4.449
4.225,4.457
4.225,4.463
4.225,4.478
4.225,4.478
4.225,4.486
4.225,4.486
4.225,4.486
4.225,4.486
4.225,4.486
4.225,4.486
4.225,4.486
4.225,4.486
4.225,4.486
4.225,4.486
4.225,4.486
4.225,4.486
4.225,4.486
4.225,4.486
4.225,4.486
4.225,4.486
4.225,4.486
4.225,4.486
4.225,4.486
4.225,4.486
4.225,4.486
4.225,4.486
4.225,4.486
4.225,4.486
4.225,4.458
4.225,4.458
4.225,4.458
4.225,4.458
4.225,4.450
4.225,4.437
4.225,4.423
4.225,4.423
4.225,4.423
4.225,4.423
4.225,4.422
4.225,4.422
4.225,4.422
4.225,4.422
4.225,4.422
4.225,4.422
4.225,4.422
4.225,4.422
4.225,4.422
4.225,4.422
4.225,4.422
4.225,4.422
4.225,4.422
4.225,4.422
4.225,4.422
4.225,4.422
4.225,4.422
4.225,4.422
4.225,4.422
4.225,4.422
4.225,4.422
4.225,4.422
4.225,4.422
4.225,4.422
4.225,4.422
4.225,4.422
4.225,4.422
4.225,4.422
4.225,4.422
4.225,4.422
4.225,4.422
4.225,4.422
4.225,4.422
4.225,4.422
4.225,4.422
4.225,4.422
4.225,4.422
4.225,4.422
4.225,4.422
4.225,4.422
4.225,4.422
4.225,4.422
4.225,4.422
4.225,4.422
4.225,4.422
4.225,4.422
4.225,4.422
4.225,4.422
4.225,4.422
4.225,4.422
4.225,4.422
4.225,4.422
4.225,4.422
4.225,4.422
4.225,4.422
4.225,4.422
4.225,4.422
4.225,4.422
4.225,4.422
4.225,4.422
4.119,4.422
4.119,4.422
4.119,4.422
4.119,4.422
4.119,4.422
4.119,4.422
4.031,4.422
4.031,4.422
3.856,4.422
3.856,4.422
3.689,4.422
3.689,4.422
3.282,4.422
3.282,4.422
3.282,4.422
3.151,4.422
3.151,4.422
3.127,4.422
3.052,4.422
2.950,4.422
2.660,4.422
2.571,4.422
2.571,4.422
2.553,4.422
2.553,4.422
2.532,4.422
2.532,4.422
2.503,4.422
2.503,4.422
2.496,4.422
2.496,4.422
2.496,4.422
2.402,4.422
2.402,4.422
2.342,4.422
2.342,4.422
2.314,4.422
2.314,4.422
2.210,4.422
2.210,4.422
2.201,4.422
2.201,4.422
2.201,4.422
2.201,4.422
2.201,4.422
2.097,4.422
2.097,4.422
2.048,4.422
2.048,4.422
1.992,4.422
1.992,4.422
1.949,4.422
1.933,4.422
1.933,4.422
1.901,4.422
1.901,4.422
1.865,4.422
1.865,4.422
1.865,4.422
1.810,4.422
1.810,4.422
1.810,4.422
1.766,4.422
1.766,4.422
1.766,4.422
1.735,4.422
1.735,4.422
1.735,4.422
1.695,4.422
1.695,4.422
1.695,4.422
1.695,4.422
1.660,4.422
1.660,4.422
1.660,4.422
1.650,4.422
1.640,4.422
1.604,4.422
1.604,4.422
1.604,4.422
1.600,4.422
1.587,4.422
1.579,4.422
1.571,4.422
1.563,4.422
1.556,4.422
1.547,4.422
1.541,4.422
1.535,4.422
1.529,4.422
1.521,4.422
1.516,4.422
1.513,4.422
1.506,4.422
1.500,4.422
1.496,4.422
1.494,4.422
1.492,4.422
1.490,4.422
1.489,4.422
1.489,4.422
1.486,4.422
1.484,4.422
1.482,4.422
1.481,4.422
1.479,4.422
1.478,4.422
1.477,4.422
1.476,4.422
1.475,4.422
1.474,4.422
1.474,4.422
1.473,4.422
1.473,4.422
1.473,4.422
1.473,4.422
1.472,4.422
1.472,4.422
1.472,4.422
1.472,4.422
1.472,4.429
1.469,4.429
1.467,4.429
1.465,4.447
1.465,4.454
1.464,4.454
1.464,4.464
1.464,4.464
1.464,4.474
1.464,4.474
1.464,4.489
1.464,4.489
1.464,4.504
1.464,4.504
1.449,4.529
1.442,4.529
1.427,4.557
1.417,4.580
1.407,4.596
1.401,4.596
1.390,4.596
1.385,4.647
1.375,4.647
1.368,4.712
1.362,4.712
1.359,4.801
1.353,4.801
1.349,4.902
1.346,4.902
1.344,4.902
1.342,4.902
1.341,4.935
1.341,4.935
1.341,4.955
1.341,5.282
1.341,5.339
1.341,5.459
1.341,5.596
1.341,5.666
1.341,5.793
1.341,5.955
1.341,6.080
1.341,6.278
1.341,6.457
1.341,6.615
1.341,6.842
1.341,6.895
1.341,6.895
1.341,6.895
1.341,6.895
1.341,6.895
1.341,6.895
1.341,6.895
1.341,6.895
1.341,6.895
1.341,6.895
1.341,6.895
1.341,6.895
1.341,6.895
1.341,6.895
1.341,6.895
1.341,6.895
1.341,6.895
1.341,6.895
1.341,6.895
1.341,6.895
1.341,6.895
1.341,6.895
1.341,6.895
1.341,6.895
1.341,6.895
1.341,6.895
1.341,6.895
1.341,6.895
1.341,6.895
1.341,6.895
1.341,6.895
1.341,6.895
1.341,6.895
1.341,6.895
1.341,6.895
1.341,6.895
1.341,6.895
1.341,6.895
1.341,6.895
1.341,6.895
1.341,6.895
1.341,6.895
1.341,6.895
1.341,6.895
1.341,6.895
1.341,6.895
1.341,6.895
1.341,6.895
1.341,6.895
1.341,6.895
1.341,6.895
1.341,6.895
1.341,6.930
1.341,6.930
1.341,6.930
1.341,6.930
1.341,6.930
1.341,6.930
1.341,6.930
1.341,7.003
1.341,7.003
1.341,7.040
1.341,7.040
1.341,7.081
1.341,7.081
1.341,7.116
1.341,7.121
1.341,7.121
1.341,7.154
1.341,7.154
1.341,7.184
1.341,7.184
1.341,7.184
1.341,7.222
1.341,7.222
1.341,7.222
1.341,7.263
1.341,7.263
1.341,7.263
1.341,7.287
1.341,7.287
1.341,7.287
1.341,7.321
1.341,7.321
1.341,7.321
1.341,7.321
1.341,7.346
1.341,7.346
1.341,7.346
1.341,7.355
1.341,7.369
1.341,7.398
1.341,7.398
1.341,7.398
1.341,7.408
1.341,7.410
1.341,7.417
1.341,7.426
1.341,7.437
1.341,7.447
1.341,7.448
1.341,7.455
1.341,7.462
1.341,7.462
1.341,7.471
1.341,7.477
1.341,7.477
1.341,7.487
1.341,7.494
1.341,7.497
1.341,7.498
1.341,7.503
1.341,7.516
1.341,7.524
1.341,7.528
1.341,7.535
1.341,7.536
1.341,7.536
1.341,7.536
1.341,7.536
1.341,7.536
1.341,7.536
1.341,7.536
1.341,7.536
1.341,7.540
1.341,7.543
1.341,7.543
1.341,7.543
1.341,6.609
1.341,6.532
1.341,6.471
1.341,6.210
1.341,6.087
1.341,6.070
1.341,6.069
1.341,6.042
1.341,6.027
1.341,6.027
1.341,6.000
1.341,5.987
1.341,5.962
1.341,5.962
1.341,5.938
1.341,5.915
1.341,5.915
1.341,5.904
1.341,5.894
1.341,5.873
1.341,5.853
1.341,5.853
1.341,5.834
1.341,5.826
1.341,5.816
1.341,5.799
1.341,5.791
1.341,5.776
1.341,5.760
1.341,5.747
1.341,5.740
1.341,5.740
1.341,5.721
1.341,5.710
1.341,5.704
1.341,5.704
1.341,5.682
1.341,5.677
1.341,5.671
1.341,5.663
1.341,5.652
1.342,5.649
1.342,5.639
1.343,5.637
1.344,5.623
1.345,5.616
1.347,5.616
1.351,5.609
1.353,5.607
1.357,5.601
1.362,5.598
1.367,5.590
1.374,5.590
1.380,5.586
1.387,5.586
1.395,5.581
1.402,5.579
1.417,5.578
1.422,5.577
1.441,5.577
1.441,5.575
1.441,5.575
1.472,5.575
1.480,5.575
1.476,5.575
1.468,5.575
1.468,5.575
1.443,5.575
1.440,5.575
1.440,5.575
1.422,5.575
1.416,5.575
1.406,5.575
1.404,5.575
1.395,5.575
1.390,5.575
1.390,5.575
1.390,5.575
1.375,5.575
1.375,5.575
1.361,5.575
1.361,5.575
1.356,5.575
1.356,5.575
1.335,5.575
1.328,5.575
1.324,5.575
1.324,5.575
1.302,5.575
1.289,5.575
1.289,5.575
1.289,5.575
1.267,5.575
1.267,5.575
1.258,5.575
1.240,2.895
1.215,2.747
1.215,2.747
1.211,2.722
1.196,2.632
1.169,2.488
1.166,2.468
1.166,2.468
1.166,2.468
1.148,2.363
1.148,2.363
1.146,2.347
1.137,2.297
1.127,2.232
1.127,2.232
1.121,2.184
1.121,2.184
1.119,2.151
1.119,2.151
1.107,2.056
1.106,2.025
1.106,2.025
1.093,1.916
1.093,1.916
1.093,1.890
1.093,1.890
1.090,1.840
1.090,1.840
1.088,1.816
1.088,1.816
1.088,1.758
1.088,1.758
1.088,1.706
1.088,1.706
1.088,1.677
1.088,1.677
1.088,1.621
1.088,1.596
1.088,1.580
1.088,1.580
1.088,1.573
1.088,1.512
1.088,1.512
1.088,1.497
1.088,1.497
1.088,1.497
1.088,1.438
1.088,1.438
1.088,1.431
1.088,1.431
1.088,1.417
1.088,1.378
1.088,1.378
1.088,1.353
1.088,1.353
1.088,1.342
1.088,1.336
1.088,1.292
1.088,1.292
1.088,1.266
1.088,1.266
1.088,1.266
1.088,1.266
1.088,1.261
1.088,1.246
1.088,1.231
1.088,1.226
1.088,1.213
1.088,1.205
1.088,1.193
1.088,1.189
1.088,1.178
1.088,1.171
1.088,1.164
1.088,1.154
1.088,1.151
1.088,1.143
1.088,1.137
1.088,1.129
1.088,1.125
1.088,1.121
1.088,1.117
1.088,1.113
1.088,1.110
1.088,1.107
1.088,1.105
1.088,1.102
1.088,1.100
1.088,1.098
1.088,1.097
1.088,1.097
1.088,1.096
1.088,1.096
1.088,1.096
1.088,1.096
1.088,1.096
1.088,1.096
1.088,1.096
1.088,1.096
1.088,1.096
1.088,1.096
1.088,1.096
1.088,1.096
1.088,1.096
1.088,1.096
1.088,1.096
1.088,1.096
1.088,1.096
1.088,1.096
1.088,1.096
1.088,1.096
1.088,1.096
1.088,1.096
1.088,1.096
1.088,1.096
1.088,1.096
1.088,1.096
1.088,1.096
1.088,1.096
1.088,1.096
1.088,1.096
1.088,1.096
1.088,1.096
1.088,1.096
1.088,1.096
1.088,1.096
1.088,1.096
1.088,1.096
1.088,1.096
1.088,1.096
1.088,1.096
1.088,1.096
1.088,1.096
1.088,1.096
1.088,1.096
1.088,1.096
1.088,1.096
1.088,1.096
1.088,1.096
1.088,1.096
1.088,1.096
1.088,1.096
1.088,1.096
1.088,1.096
1.088,1.096
1.088,1.096
1.088,1.096
1.088,1.096
1.088,1.096
1.088,1.096
1.088,1.096
1.088,1.096
1.088,1.096
1.088,1.096
1.088,1.096
1.088,1.096
1.088,1.096
1.088,1.096
1.088,1.096
1.088,1.096
1.088,1.096
1.088,1.096
1.088,1.096
1.088,1.096
1.088,1.096
1.088,1.096
1.088,1.096
1.088,1.096
1.088,1.096
1.088,1.096
1.088,1.096
1.088,1.096
1.088,1.096
1.088,1.096
1.088,1.096
1.088,1.096
1.088,1.096
1.088,1.096
1.088,1.096
1.088,1.096
1.088,1.096
1.088,1.096
1.088,1.096
1.088,1.096
1.088,1.096
1.088,1.096
1.088,1.096
1.088,1.096
1.088,1.096
1.088,1.096
1.088,1.096
1.088,1.096
1.088,1.096
1.088,1.096
1.088,1.096
1.088,1.096
1.088,1.096
1.088,1.096
1.088,1.096
1.088,1.096
1.088,1.096
1.088,1.096
1.088,1.096
1.088,1.096
1.088,1.096
1.088,1.096
1.088,1.096
1.088,1.096
1.089,1.096
1.089,1.096
1.089,1.096
1.089,1.096
1.093,1.096
1.093,1.096
1.096,1.096
1.096,1.096
1.103,1.096
1.106,1.096
1.111,1.096
1.111,1.096
1.112,1.096
1.127,1.096
1.127,1.096
1.130,1.096
1.130,1.096
1.130,1.096
1.153,1.096
1.153,1.096
1.158,1.096
1.158,1.096
1.163,1.096
1.184,1.096
1.184,1.096
1.199,1.096
1.199,1.096
1.206,1.096
1.209,1.096
1.244,1.096
1.244,1.096
1.267,1.096
1.267,1.096
1.267,1.096
1.267,1.096
1.272,1.096
1.287,1.096
1.296,1.096
1.305,1.096
1.318,1.096
1.327,1.096
1.341,1.096
1.345,1.096
1.358,1.096
1.365,1.096
1.369,1.096
1.376,1.096
1.379,1.096
1.388,1.096
1.393,1.096
1.398,1.096
1.404,1.096
1.409,1.096
1.413,1.096
1.417,1.096
1.422,1.096
1.426,1.096
1.432,1.096
1.440,1.096
1.445,1.096
1.454,1.096
1.461,1.096
1.464,1.096
1.473,1.096
1.477,1.096
1.485,1.096
1.498,1.097
1.502,1.097
1.512,1.098
1.526,1.098
1.531,1.099
1.536,1.100
1.536,1.100
1.564,1.104
1.570,1.104
1.589,1.107
1.598,1.108
1.616,1.110
1.624,1.113
1.624,1.113
1.649,1.119
1.662,1.122
1.665,1.123
1.697,1.129
1.700,1.130
1.717,1.133
1.744,1.138
1.754,1.141
1.765,1.145
1.783,1.149
1.795,1.153
1.831,1.157
1.868,1.161
1.902,1.154
1.940,1.148
1.979,1.148
2.036,1.115
2.072,1.115
2.112,1.092
2.152,1.092
2.172,1.062
2.233,1.062
2.276,1.056
2.276,1.056
2.276,1.045
2.359,1.045
3.074,1.037
3.074,1.037
3.074,1.037
3.074,1.037
3.074,1.037
3.074,1.037
3.074,1.037
3.074,1.037
3.074,1.037
3.074,1.037
3.074,1.037
3.074,1.037
3.074,1.037
3.074,1.037
3.074,1.037
3.074,1.037
3.074,1.037
3.074,1.037
3.074,1.037
3.074,1.037
3.074,1.037
3.074,1.037
3.074,1.037
3.074,1.037
3.074,1.037
3.074,1.037
3.074,1.037
3.074,1.037
3.074,1.037
3.074,1.037
3.074,1.037
3.074,1.037
3.074,1.037
3.074,1.037
3.074,1.037
3.074,1.037
3.074,1.037
3.074,1.037
3.074,1.037
3.074,1.037
3.074,1.037
3.074,1.037
3.074,1.037
3.074,1.037
3.074,1.037
3.074,1.037
3.074,1.037
3.074,1.037
3.074,1.037
3.074,1.037
3.074,1.037
3.074,1.037
3.074,1.037
3.074,1.037
3.074,1.037
3.074,1.037
3.074,1.037
3.074,1.037
3.074,1.037
3.074,1.037
3.074,1.037
3.074,1.037
3.074,1.037
3.074,1.037
3.074,1.037
3.074,1.037
3.074,1.037
3.075,1.037
3.077,1.037
3.077,1.037
3.080,1.037
3.080,1.037
3.080,1.037
3.082,1.037
3.087,1.037
3.096,1.037
3.096,1.037
3.096,1.037
3.099,1.037
3.099,1.037
3.105,1.037
3.106,1.037
3.110,1.037
3.114,1.037
3.114,1.037
3.127,1.037
3.127,1.037
3.128,1.037
3.128,1.037
3.134,1.037
3.141,1.037
3.141,1.037
3.150,1.037
3.150,1.037
3.158,1.037
3.158,1.037
3.177,1.037
3.177,1.037
3.191,1.037
3.191,1.037
3.201,1.037
3.201,1.037
3.215,1.037
3.229,1.037
3.229,1.037
3.229,1.037
3.235,1.037
3.235,1.037
3.255,1.037
3.255,1.037
3.255,1.037
3.272,1.037
3.275,1.037
3.292,1.037
3.292,1.037
3.316,1.037
3.316,1.037
3.316,1.037
3.320,1.037
3.320,1.037
3.337,1.037
3.337,1.037
3.351,1.037
3.351,1.037
3.383,1.037
3.383,1.037
3.411,1.037
3.413,1.037
3.413,1.037
3.424,1.037
3.424,1.037
3.438,1.037
